"","flushot","yhat"
"1",1,0.6685155399454
"2",0,0.421494014734995
"3",0,0.398707363786154
"4",0,0.287510432416793
"5",1,0.39812280918462
"6",0,-0.0230066707654254
"7",1,0.765945455969782
"8",0,0.502462561586884
"9",1,0.549529310552111
"10",1,0.672755214641156
"11",1,0.446433650330225
"12",0,0.0252697138313907
"13",0,0.307180096071028
"14",0,0.50819409775647
"15",0,0.463786595813562
"16",1,0.680190008054415
"17",1,0.68103932283459
"18",1,0.368854201496198
"19",1,0.65412938294675
"20",1,0.427111005848318
"21",1,0.376918578942215
"22",0,0.607417256672436
"23",1,0.634854489260625
"24",1,0.487584056825067
"25",0,0.303729535973256
"26",1,0.46928520145495
"27",1,0.315817281745405
"28",0,0.31572320303484
"29",0,0.561428442521439
"30",0,0.431523234949441
"31",0,0.446354939496092
"32",1,0.437588199580175
"33",0,0.400528301307967
"34",1,0.664011568961315
"35",1,0.686245009087711
"36",1,0.546079190352503
"37",0,0.708259189448413
"38",1,0.505043546436659
"39",0,0.296656811254567
"40",1,0.394997951376646
"41",0,0.390176624921822
"42",1,0.596127801909482
"43",1,0.699268078342734
"44",1,0.474057071788492
"45",1,0.766593194452155
"46",1,0.707075647126296
"47",1,0.524279257502493
"48",0,0.480915972639944
"49",0,0.359402064950256
"50",0,0.310989878389096
"51",0,0.212403043524288
"52",0,0.640613262011033
"53",1,0.545618685697401
"54",1,0.240927120084012
"55",1,0.326011273314165
"56",1,0.371045305505289
"57",1,0.517584669021158
"58",0,0.41607184234124
"59",1,0.567950785018184
"60",0,0.514823440977191
"61",0,0.469275408921818
"62",0,0.584166228211851
"63",0,0.400836707513073
"64",0,0.237531779096229
"65",1,0.371060113932636
"66",1,0.371147374474293
"67",1,0.642188648517764
"68",1,0.583036639368104
"69",0,0.393242314541561
"70",0,0.663835460645982
"71",0,0.702813033771019
"72",1,0.350219475001456
"73",1,0.702487984980492
"74",1,0.425330765503375
"75",1,0.523653329064062
"76",0,0.382000935767063
"77",1,0.673541723047014
"78",1,0.768463786827689
"79",1,0.796081718577959
"80",0,0.296774285748396
"81",1,0.455986069993129
"82",1,0.512198782374722
"83",1,0.365812616367731
"84",1,0.408967057814208
"85",0,0.411113554476431
"86",0,0.250798872657476
"87",0,0.564209235760092
"88",1,0.736760589060105
"89",1,0.699952031494849
"90",1,0.399985101844284
"91",0,0.728601754717412
"92",0,0.520875488442278
"93",0,0.151375881565789
"94",1,0.327355587045343
"95",0,0.212246804493849
"96",0,0.190769624823507
"97",1,0.275859655416742
"98",1,0.598700344175359
"99",0,0.477648286283083
"100",0,0.4605294562384
"101",1,0.577237735768592
"102",0,0.433094631610923
"103",0,0.392655154573382
"104",0,0.20859953233868
"105",1,0.502723923449893
"106",1,0.425721043764627
"107",0,0.315594853601243
"108",0,0.295596486487107
"109",1,0.240512566500616
"110",0,0.347198396143844
"111",0,0.374074909490715
"112",0,0.309161755679742
"113",0,0.223344856793743
"114",0,0.46853155792531
"115",0,0.321211734537871
"116",0,0.551754622299331
"117",0,0.622552051473204
"118",0,0.548072614740781
"119",1,0.850520602645078
"120",1,0.802108416083918
"121",1,0.578887280007989
"122",0,0.586355042157807
"123",0,0.680450681216463
"124",0,0.513408392795798
"125",1,0.451868085962075
"126",0,0.395065503045151
"127",1,0.331665870599717
"128",0,0.450156985354507
"129",0,0.382838912208215
"130",0,0.474437638618498
"131",0,0.408663566291591
"132",1,0.360802042272272
"133",1,0.891355047917765
"134",0,0.0627027443562206
"135",0,0.0467689290447406
"136",1,0.512367380302088
"137",1,0.696461287474533
"138",1,0.320344353451712
"139",0,0.545515657617805
"140",0,0.824341856210314
"141",1,0.815511054425408
"142",1,0.527388247525217
"143",0,0.563236822597683
"144",0,0.443813578658556
"145",1,0.54475757863331
"146",1,0.49062314956449
"147",1,0.177321690561189
"148",0,0.440730260760483
"149",0,0.400634723959948
"150",0,0.393157254666423
"151",1,0.381895563787611
"152",0,0.33348337722645
"153",0,0.196964364507234
"154",0,0.251071456110362
"155",0,0.057310519592565
"156",0,0.115797864820577
"157",0,0.318227710096086
"158",0,0.287087322504366
"159",0,0.456183682860465
"160",1,0.488551701784467
"161",0,0.611528578763262
"162",1,0.665538947949365
"163",1,0.419142396808074
"164",1,0.731743404327605
"165",1,0.758776848187481
"166",1,0.694974934539667
"167",0,0.681120032490252
"168",1,0.339621817595349
"169",0,0.654408926735959
"170",0,0.280801931758674
"171",0,0.295615873183896
"172",0,0.157528741970025
"173",0,0.358083720894239
"174",0,0.279691579125845
"175",0,0.910205171917189
"176",0,0.958617358478349
"177",0,0.571364213063424
"178",1,0.531133579441954
"179",0,0.418534122469973
"180",0,0.44585160688302
"181",0,0.457941394451556
"182",1,0.283892170419614
"183",1,0.480718840749918
"184",0,0.485474608123326
"185",0,0.440156506948536
"186",1,0.416696081294463
"187",1,0.220220755962467
"188",0,0.21290999445495
"189",0,0.479539593698755
"190",1,0.46928520145495
"191",0,0.418674234738753
"192",0,0.405604360067878
"193",0,0.252720726786938
"194",1,0.610360431270323
"195",1,0.752074535112354
"196",0,0.770993946530868
"197",0,0.505768949503301
"198",0,0.657566542439647
"199",0,0.674542237451359
"200",0,0.505858703664815
"201",1,0.549027086227178
"202",1,0.522257253981275
"203",0,0.374083923105939
"204",0,0.325671736544778
"205",1,0.702405672330586
"206",1,0.762549749904661
"207",1,0.611949693659838
"208",0,0.654314419524026
"209",1,0.656042163315959
"210",0,0.363494279320783
"211",0,0.184911575690055
"212",0,0.00905416284743666
"213",0,0.594168595396092
"214",0,0.392655154573382
"215",1,0.641212434929378
"216",1,0.689624621490538
"217",0,0.422012105130719
"218",1,0.802441544400546
"219",1,0.754029357839385
"220",0,0.436693599988451
"221",1,0.538136844198797
"222",1,0.654400847209859
"223",0,0.596127801909482
"224",0,0.29697304011105
"225",1,0.636158150585828
"226",1,0.675762253959082
"227",1,0.553180621660117
"228",0,0.405882898644534
"229",0,0.441654501102721
"230",0,0.312776601967379
"231",0,0.39236814006844
"232",1,0.547033966751565
"233",0,0.336423155393304
"234",0,0.16600264466876
"235",1,0.219105185911868
"236",1,0.332351285138318
"237",1,0.710939008826804
"238",0,0.695617083422832
"239",0,0.285926506700939
"240",1,0.491640306285384
"241",1,0.584166228211851
"242",1,0.528825549207432
"243",0,0.586714545739399
"244",0,0.391742069405599
"245",0,0.653139228242478
"246",1,0.641212434929378
"247",0,0.0531751295022783
"248",0,0.448780233226294
"249",1,0.632728481688985
"250",0,0.57467283827563
"251",1,0.497911526511124
"252",1,0.459978170466447
"253",1,0.6685155399454
"254",0,0.186055003494972
"255",0,0.17228527915011
"256",0,0.0878430236349574
"257",0,0.0427467868793024
"258",1,0.240077954499163
"259",1,0.838256257091452
"260",0,0.210086292852358
"261",1,0.657668108743205
"262",1,0.706080295304365
"263",0,0.540052492846545
"264",1,0.684570337146989
"265",0,0.297363853705862
"266",0,0.384565833260025
"267",1,0.586442302699464
"268",1,0.619953287293746
"269",0,0.448267910943936
"270",1,0.449872713755298
"271",0,0.462076885122218
"272",0,0.420802034420389
"273",1,0.54177701666722
"274",0,0.770993946530868
"275",0,0.480915972639944
"276",0,0.337634052499884
"277",0,0.179306068471813
"278",1,0.723424811889792
"279",1,0.50637434107634
"280",0,0.310766305750697
"281",0,0.353711903781102
"282",1,0.573609293481576
"283",0,0.603361096586562
"284",1,0.432697745757612
"285",1,0.382481321183236
"286",0,0.495865973015122
"287",1,0.554213930118267
"288",0,0.169901638136707
"289",1,0.471945362577299
"290",1,0.38803400415651
"291",1,0.471643943553588
"292",1,0.527021282270894
"293",0,0.327355587045343
"294",1,0.469602299604948
"295",1,0.496847981717071
"296",0,0.244130936575855
"297",1,0.542075260895418
"298",1,0.660252263285851
"299",1,0.513037389210926
"300",0,0.457446517103654
"301",0,0.381078804121625
"302",0,0.342341712173752
"303",0,0.636377613375614
"304",0,0.283857755941533
"305",0,0.6009503783238
"306",0,0.431127407137594
"307",1,0.454295085205694
"308",1,0.449749026132383
"309",0,0.696010153250913
"310",1,0.390024511516191
"311",0,0.346034696405427
"312",1,0.207564850185111
"313",1,0.491303325906288
"314",0,0.583036639368104
"315",1,0.556264254291385
"316",1,0.59019292571781
"317",0,0.472521848450218
"318",1,0.572067847860371
"319",0,0.389644086206717
"320",1,0.392655154573382
"321",0,0.285644782565617
"322",0,0.236754617303383
"323",1,0.2451890418658
"324",0,0.2683567199339
"325",0,0.297259875706352
"326",1,0.557638897662231
"327",1,0.528132597686202
"328",1,0.691518153351073
"329",0,0.661947311430385
"330",0,0.669501894223696
"331",1,0.584316295127825
"332",1,0.373902692057283
"333",1,0.255659189188817
"334",1,0.528109416807308
"335",1,0.528515437283685
"336",1,0.646878868507092
"337",0,0.240306676297977
"338",1,0.0631354197306359
"339",1,0.422012105130719
"340",1,0.379312010229271
"341",1,0.424946063803673
"342",0,0.591646478589745
"343",0,0.616140536580047
"344",0,0.385798653170206
"345",1,0.39264328775359
"346",0,-0.048053728677696
"347",0,0.0442489198422926
"348",0,-0.0473905387165949
"349",1,0.564679648572993
"350",1,0.574377648015935
"351",1,0.509226711101071
"352",1,0.465514165061731
"353",0,0.638513290964684
"354",1,0.528970008637595
"355",1,0.561428442521439
"356",0,0.489724657637636
"357",0,0.49328931001377
"358",0,0.463955193740928
"359",0,0.593206194208301
"360",1,0.869454736107997
"361",1,0.821042549546837
"362",0,0.198432150660012
"363",0,0.150019964098851
"364",1,0.661947311430385
"365",1,0.631777821493255
"366",1,0.821042549546837
"367",1,0.476611001085725
"368",1,0.484115422948429
"369",0,0.827527208496522
"370",0,0.776840462955568
"371",0,0.789430446229769
"372",1,0.263077300926545
"373",0,0.607907810315891
"374",0,0.385644777818613
"375",1,0.63518573742342
"376",1,0.761514531193415
"377",0,0.79599423010003
"378",1,0.598700344175359
"379",0,0.330379815570796
"380",1,0.452007546040701
"381",1,0.462675537981207
"382",0,0.212860759799683
"383",1,0.636149592114879
"384",0,0.604727041681317
"385",1,0.642188648517764
"386",0,0.338897136530702
"387",0,0.241717770015288
"388",0,0.0991014325294343
"389",0,0.407975109452887
"390",1,0.405635856229414
"391",1,0.75259017252388
"392",1,0.754029357839385
"393",1,0.425570882034525
"394",0,0.466916639745632
"395",0,0.388865609714174
"396",1,0.865565887073208
"397",1,0.439229352849553
"398",0,0.512367380302088
"399",0,0.23646014096326
"400",0,0.703177151378759
"401",0,0.644829194275615
"402",0,0.267935168426557
"403",0,0.0235082495588216
"404",0,0.315753978148975
"405",1,0.500811258768181
"406",0,0.586078195110772
"407",1,0.401060558125514
"408",0,0.35381649632195
"409",0,0.409366018742442
"410",0,0.288463425956355
"411",0,0.495144874166822
"412",0,0.350646214161363
"413",1,0.492454850047517
"414",1,0.423883716404793
"415",1,0.328987686350284
"416",0,0.326371586218765
"417",1,0.588196131643952
"418",1,0.551612200156273
"419",0,0.509293132374084
"420",1,0.532472742856232
"421",0,0.248946362236757
"422",0,0.459808484297282
"423",1,0.405882898644534
"424",1,0.770993946530868
"425",1,0.58326443327455
"426",0,0.640829228388742
"427",0,0.750817858891746
"428",0,0.581041911426328
"429",1,0.642580781957252
"430",1,0.448780233226294
"431",0,0.369624066576066
"432",0,0.43878507075412
"433",0,0.160765619482505
"434",0,0.332315352001335
"435",0,0.641212434929378
"436",0,0.207125825314465
"437",0,0.139803096753171
"438",0,0.187869926735822
"439",1,0.333933983818797
"440",1,0.281099425807241
"441",1,0.574377648015935
"442",1,0.712247647207142
"443",1,0.663835460645982
"444",1,0.713154824789381
"445",1,0.296592614801576
"446",1,0.268539516635451
"447",1,0.193076550262353
"448",1,0.437596734517558
"449",1,0.635666230629879
"450",1,0.642580781957252
"451",0,0.616522949736987
"452",1,0.667163014187246
"453",0,0.600535792345827
"454",1,0.2172624049167
"455",0,0.143705063014416
"456",0,0.094838529908226
"457",0,0.142968553627544
"458",0,0.292993742460917
"459",1,0.488751355752789
"460",0,0.37137306731376
"461",1,0.68103932283459
"462",1,0.670964238034364
"463",1,0.43248497635139
"464",1,0.386606572126864
"465",0,0.507215450871096
"466",0,0.555627637432257
"467",0,0.641153429806518
"468",1,0.935994332761745
"469",0,0.747044957174567
"470",0,0.380917058078754
"471",0,0.275910256245514
"472",1,0.497433104398145
"473",1,0.449020917836984
"474",0,0.811565748117039
"475",0,0.502190950086307
"476",0,0.307654380842997
"477",1,0.656042163315959
"478",0,0.500569478328208
"479",1,0.518454293599346
"480",1,0.780613364672748
"481",1,0.836916163850646
"482",0,0.641153429806518
"483",1,0.6685155399454
"484",1,0.696179129777669
"485",0,0.662436362282316
"486",1,0.491099301008483
"487",0,0.482378478362233
"488",0,0.820568954493134
"489",0,0.868981141054294
"490",0,0.480915972639944
"491",0,0.519439199219952
"492",1,0.669262985233595
"493",1,0.670166960385761
"494",1,0.457639290429997
"495",1,0.494138624793945
"496",1,0.75712686404992
"497",0,0.526160961611875
"498",0,0.125542104347182
"499",1,0.070827955590978
"500",0,0.184809805589973
"501",0,-0.0203822124000066
"502",1,0.368723200574133
"503",1,0.415010293261688
"504",1,0.632728481688985
"505",0,0.17517817336154
"506",1,-0.0188469890617326
"507",0,0.468582158754082
"508",0,0.269934204763552
"509",0,0.443467102494816
"510",0,0.151635927620417
"511",0,0.429609892799415
"512",0,0.398136741537082
"513",0,0.364942657286653
"514",0,0.307794586637957
"515",0,0.427587133513967
"516",0,0.590101104403524
"517",0,0.621941341669229
"518",0,0.131996926345599
"519",1,0.256435101229925
"520",1,0.662911912742002
"521",0,0.2559211145718
"522",0,0.298840434795492
"523",0,0.268317170810013
"524",1,0.514823440977191
"525",0,0.502918381899044
"526",1,0.507326812233553
"527",0,0.319463807990164
"528",1,0.372531718360502
"529",1,0.34110916792694
"530",0,0.167603579142366
"531",0,0.499050694507658
"532",1,0.634854489260625
"533",0,0.594206168807012
"534",1,0.333933983818797
"535",0,0.498389726239189
"536",1,0.329598271100274
"537",0,0.378010457661434
"538",1,0.563732016441203
"539",1,0.515319829880043
"540",1,0.444535744040366
"541",0,0.26741124240844
"542",0,0.527388247525217
"543",1,0.449472744686675
"544",0,0.225733877122349
"545",0,0.21324807920434
"546",0,0.361218612708675
"547",0,0.267311016473679
"548",1,0.252155727600791
"549",0,0.289018264396407
"550",1,0.604229739080431
"551",1,0.642580781957252
"552",0,0.686156156169056
"553",1,0.509162924317579
"554",0,0.306026626427914
"555",1,0.378010457661434
"556",0,0.322633118944129
"557",1,0.348236993276506
"558",0,0.409227103868836
"559",0,0.693241380836775
"560",0,0.651539844933689
"561",1,0.441917938040655
"562",0,0.722404562049486
"563",1,0.418674234738753
"564",0,0.199848237415346
"565",0,0.199602734286389
"566",1,0.671647963472624
"567",0,0.532778126855581
"568",0,0.519078030960162
"569",1,0.498567815192077
"570",1,0.542550811355105
"571",1,0.429236099721923
"572",1,0.337976303414132
"573",0,0.480498816953575
"574",0,0.242534420903057
"575",1,0.421801228408985
"576",0,0.683331217766444
"577",0,0.675762253959082
"578",0,0.449348787737181
"579",1,0.495808064127923
"580",0,0.767221044813688
"581",0,0.468312650059642
"582",0,0.485215025645583
"583",0,0.417744678462719
"584",1,0.55693129875746
"585",1,0.459808484297282
"586",1,0.486409621530166
"587",0,0.363754321561531
"588",1,0.307787112308896
"589",1,0.356128772331686
"590",0,0.52119780889997
"591",0,0.569609995461131
"592",0,0.352222537398787
"593",0,0.677022542945923
"594",0,0.419590351574735
"595",1,0.636400037990609
"596",1,0.689624621490538
"597",0,0.433649357115709
"598",1,0.745204785686311
"599",1,0.594101998753836
"600",0,0.184824680149187
"601",0,0.433137703354276
"602",1,0.510491403918528
"603",1,0.602168206570171
"604",1,0.520941166305952
"605",0,0.33177597018499
"606",0,0.74758204353887
"607",1,0.396495429049428
"608",1,0.663835460645982
"609",1,0.619953287293746
"610",1,0.745026151463291
"611",1,0.762582939529222
"612",0,0.670282541039768
"613",0,0.529328159201105
"614",1,0.587980504452418
"615",0,0.45919475122713
"616",0,0.270262410997003
"617",0,0.619953287293746
"618",0,0.52486585875762
"619",0,0.385156243663818
"620",0,0.39896291055089
"621",0,0.456643823187959
"622",1,0.486008921078718
"623",1,0.437596734517558
"624",0,0.767221044813688
"625",0,0.646550889699724
"626",0,0.263461077392104
"627",0,0.527060717319707
"628",1,0.402249758855102
"629",0,0.349985065301248
"630",0,0.222444087664263
"631",0,0.449840276164514
"632",0,0.462602443141902
"633",1,0.748701323489091
"634",1,0.441654501102721
"635",1,0.461593001032454
"636",0,0.196287835240031
"637",0,0.103984908746
"638",0,0.455117310703082
"639",0,0.371279204898487
"640",0,0.363790379464632
"641",0,0.439431282994385
"642",0,0.376938092952563
"643",0,0.707435250268374
"644",0,0.160235167392253
"645",0,0.353497456693101
"646",1,0.577913978123141
"647",1,0.829812060465246
"648",1,0.781399873904085
"649",0,0.316441737697525
"650",0,0.364853924258686
"651",0,0.0254610506078549
"652",0,0.579590930107952
"653",1,0.477580395726374
"654",0,0.211517496200597
"655",0,0.308428640990055
"656",0,0.165021560096969
"657",0,0.0502222730070556
"658",1,0.530817123473074
"659",0,0.478609095709733
"660",0,0.564881422727217
"661",0,0.309570930532449
"662",1,0.604424641380616
"663",1,0.520834681859443
"664",0,0.268959912411778
"665",0,0.252549118356622
"666",0,0.386854349484199
"667",0,0.247807924351498
"668",0,0.42036533407848
"669",0,0.723424811889792
"670",0,0.50819409775647
"671",1,0.605343485318621
"672",1,0.624435496722826
"673",0,0.275079812750694
"674",0,0.221300450839676
"675",0,0.212583619621414
"676",1,0.362974449201534
"677",0,0.260377291409454
"678",1,0.403292227677164
"679",1,0.633207747497532
"680",1,0.398068265566471
"681",1,0.355602338044739
"682",1,0.24870619525136
"683",1,0.719309334885012
"684",1,0.681212572618259
"685",0,0.643980903329614
"686",1,0.457747882317433
"687",1,0.494219334449607
"688",1,0.632229071136983
"689",1,0.700681448159939
"690",0,0.284458252463583
"691",1,0.390024511516191
"692",0,0.350785805067479
"693",0,0.576544784247363
"694",1,0.332793994217344
"695",1,0.530494790394676
"696",0,0.550603136647467
"697",0,0.710848548843476
"698",0,0.256186239663843
"699",1,0.347990337359472
"700",0,0.398959245742268
"701",1,0.565238224839507
"702",1,0.477601155789998
"703",0,0.655920613924426
"704",0,0.454168492734376
"705",0,0.431127407137594
"706",1,0.798552695365757
"707",0,0.453168053721172
"708",1,0.211795816385944
"709",1,0.43761678103677
"710",1,0.39992892812105
"711",0,0.578887280007989
"712",0,0.309639145287325
"713",0,0.123584575895547
"714",1,0.54679420139972
"715",1,0.645499203184453
"716",0,0.74459131633883
"717",0,0.337386466609046
"718",1,0.594168595396092
"719",1,0.642580781957252
"720",1,0.561428442521439
"721",0,0.555373270423837
"722",1,0.54404512512718
"723",1,0.706080295304365
"724",0,0.224388341185579
"725",0,0.348113531212726
"726",1,0.902535828324591
"727",0,0.486173717754628
"728",0,0.524279257502493
"729",0,0.21735645067585
"730",1,0.574929953681356
"731",0,0.666278960791809
"732",0,0.312053323933873
"733",1,0.187168531851865
"734",1,0.505067552002142
"735",1,0.569609995461131
"736",0,0.69661396490213
"737",0,0.732458886786088
"738",1,0.770993946530868
"739",1,0.77344088460835
"740",1,0.48080701498961
"741",1,0.451222041703511
"742",0,0.376954636845315
"743",0,0.276439348567212
"744",1,0.257011718899841
"745",1,0.76469088511051
"746",1,0.801162337242683
"747",0,0.325490505496123
"748",0,0.545727924793373
"749",1,0.503200013595112
"750",0,0.902535828324591
"751",1,0.42572291996559
"752",1,0.868981141054294
"753",0,0.571607148655891
"754",0,0.519078030960162
"755",1,0.470665844399002
"756",0,0.547247260976265
"757",0,0.497279680329112
"758",0,0.327232477497495
"759",1,0.815633231374848
"760",1,0.689624621490538
"761",0,0.494401994856801
"762",0,0.185118688784708
"763",0,0.3436102702091
"764",0,0.317862652616394
"765",0,0.172530322896661
"766",1,0.410514113511002
"767",1,0.434271662114433
"768",1,0.435903152904488
"769",0,0.443477689606312
"770",1,0.329511612368401
"771",0,0.249189861808854
"772",0,0.471909196883912
"773",1,0.34038380014119
"774",1,0.624343028079995
"775",0,0.596127801909482
"776",1,0.653139228242478
"777",0,0.569210664462352
"778",1,0.440680221232664
"779",0,0.435903152904488
"780",0,0.405104795339014
"781",1,0.538136844198797
"782",1,0.538187445027569
"783",1,0.783934096138885
"784",1,0.860150339269389
"785",1,0.571583143090408
"786",1,0.540612601821747
"787",1,0.291003081280474
"788",0,0.180613950563073
"789",1,0.720100465524958
"790",1,0.283414678108218
"791",1,0.207280611499429
"792",1,0.199315812250399
"793",0,0.4209785088921
"794",0,0.372566322330939
"795",0,0.480632270511939
"796",0,0.368723200574133
"797",1,0.415010293261688
"798",0,0.405635856229414
"799",1,0.336558421394274
"800",1,0.563235627538351
"801",1,0.676752408663355
"802",1,0.665415485885585
"803",1,0.729451509395751
"804",0,0.199480085678996
"805",1,0.330632552335141
"806",0,0.359562922891727
"807",1,0.652641925641591
"808",0,0.500004709187643
"809",0,0.179377312320667
"810",0,0.0535824602760926
"811",1,0.540052492846545
"812",1,0.457759898307603
"813",0,0.200050411426511
"814",0,0.101587316063439
"815",0,0.0836407233971376
"816",0,0.162382520480449
"817",1,0.37332386491293
"818",0,0.32491167835177
"819",1,0.646562747978506
"820",1,0.642580781957252
"821",0,0.306614156455726
"822",1,0.27884887239293
"823",0,0.280337557865378
"824",0,0.425718088965606
"825",1,0.382981334351274
"826",0,0.245186757391974
"827",0,0.209408383026658
"828",1,0.490342969888419
"829",1,0.510442538660099
"830",0,0.380598837333811
"831",0,0.324052934112235
"832",1,0.646878868507092
"833",0,0.366581568759006
"834",0,0.39010422653421
"835",0,0.34169203997305
"836",0,0.168803983067578
"837",0,0.744559599372718
"838",0,0.147328888495109
"839",1,0.492667722512327
"840",0,0.541079909073487
"841",1,0.409672452044752
"842",0,0.306425027287053
"843",1,0.164894292828399
"844",1,0.137267583597017
"845",0,0.307313292668727
"846",0,0.478609095709733
"847",1,0.397349856130319
"848",0,0.489724657637636
"849",0,0.639439132347059
"850",0,0.411744306067919
"851",1,0.541586210043488
"852",0,0.0701945727400048
"853",0,0.202590814191698
"854",0,0.478806708577069
"855",0,0.389603555403844
"856",0,0.314742552176355
"857",0,0.312752982293052
"858",0,0.359402064950256
"859",0,0.0631914661403092
"860",1,0.78398100599133
"861",1,0.703662348551194
"862",1,0.741804548011944
"863",1,0.523653329064062
"864",1,0.482378478362233
"865",1,0.400634723959948
"866",0,0.508478531267299
"867",0,0.254447647838748
"868",1,0.741804548011944
"869",1,0.781399873904085
"870",1,-0.00767038444817922
"871",1,0.460369262035302
"872",1,0.34971062262346
"873",0,0.239001269447581
"874",0,0.320895277062494
"875",0,0.356112084819912
"876",1,0.837611070777859
"877",1,0.76469088511051
"878",1,0.524563309122605
"879",0,0.351879186394261
"880",0,0.30517090697687
"881",1,0.714141179067677
"882",1,0.497315738232212
"883",0,0.482302299026794
"884",0,0.194978045577298
"885",1,0.687104119483624
"886",1,0.724828853000232
"887",0,0.433969810865752
"888",0,0.449872713755298
"889",0,0.410514113511002
"890",1,0.739930339912233
"891",1,0.636400037990609
"892",1,0.670995023428667
"893",1,0.242826183923798
"894",1,0.40089669928898
"895",1,0.178978923943246
"896",1,0.166450718064208
"897",0,0.451835621525182
"898",1,0.38767245013239
"899",1,0.582044570943689
"900",0,0.41805719551606
"901",0,0.433137703354276
"902",1,0.881555448694627
"903",1,0.929967635255787
"904",1,0.673478917498177
"905",0,0.449020917836984
"906",0,0.21290999445495
"907",1,0.740256368266812
"908",1,0.503981926693098
"909",1,0.519078030960162
"910",0,0.449472744686675
"911",0,0.529974548308789
"912",1,0.479767594872897
"913",0,0.521352490648342
"914",1,0.420403073492154
"915",1,0.474073005167999
"916",0,0.403292227677164
"917",0,0.238744187186687
"918",0,0.237208963848412
"919",1,0.457759898307603
"920",1,0.506172084868764
"921",0,0.255692798060589
"922",0,0.23043668583177
"923",0,0.594168595396092
"924",0,0.406705124141921
"925",1,0.56381927698286
"926",1,0.604676440852545
"927",1,0.479633639457904
"928",1,0.425644885227332
"929",1,0.693392361450783
"930",1,0.667163014187246
"931",0,0.272881213154664
"932",0,0.723424811889792
"933",0,0.579590930107952
"934",1,0.353019964381705
"935",0,0.486942670145903
"936",1,0.644829194275615
"937",1,0.665856384466411
"938",1,0.497315738232212
"939",1,0.458622775432136
"940",1,0.782887923652541
"941",1,0.780613364672748
"942",1,0.391742069405599
"943",0,0.26802182715843
"944",0,0.230619694522004
"945",0,0.279031881083164
"946",1,0.563737979703544
"947",1,0.469740003016626
"948",0,0.364853924258686
"949",1,0.78020810427415
"950",1,0.855634410934363
"951",1,0.563123195415498
"952",1,0.451592522626483
"953",1,0.559207319166076
"954",0,0.393616895975331
"955",0,0.62302463246271
"956",0,0.166932381772827
"957",0,0.332085449115106
"958",0,0.630787108404196
"959",1,0.758776848187481
"960",1,0.783934096138885
"961",1,0.343405256967806
"962",0,0.286877714724574
"963",0,0.178060177184139
"964",0,-0.0132704213923209
"965",0,0.413664698561058
"966",0,0.455148392678958
"967",0,0.739930339912233
"968",1,0.718181007890995
"969",0,0.314934017819496
"970",1,0.370738199621586
"971",0,0.661947311430385
"972",1,0.266898085996065
"973",1,0.424763729252539
"974",1,0.376351542691379
"975",1,0.279469221763255
"976",0,0.501393672437703
"977",0,0.282119164116437
"978",1,0.549583544305929
"979",0,0.642877905935275
"980",1,0.479503465131644
"981",1,0.053302506159157
"982",1,0.00489031959799663
"983",0,0.390033450769934
"984",0,0.351879186394261
"985",1,0.392592048792533
"986",1,0.328011658652175
"987",1,0.307119447685599
"988",0,0.170919555687754
"989",0,0.0392115601742881
"990",1,0.675762253959082
"991",0,0.208022914668765
"992",0,0.514628690837038
"993",1,0.80549018617813
"994",0,0.306749904461421
"995",1,0.733903642406275
"996",1,0.707075647126296
"997",0,0.885328350411806
"998",0,0.558424425658914
"999",1,0.801162337242683
"1000",0,0.776840462955568
"1001",0,0.363618311448942
"1002",0,0.531044049159691
"1003",0,0.587589786293002
"1004",1,0.492667722512327
"1005",1,0.751526627729826
"1006",0,0.35381649632195
"1007",0,0.465565810801067
"1008",0,0.428575470179205
"1009",0,0.275440498146914
"1010",1,0.557638897662231
"1011",0,0.692741970284773
"1012",1,0.773241039561392
"1013",1,0.777098171630069
"1014",1,0.728685985068909
"1015",1,0.618750827626086
"1016",0,0.731743404327605
"1017",0,0.595407714776637
"1018",0,0.376789055015743
"1019",0,0.217115616028565
"1020",1,0.761514531193415
"1021",1,0.679568420552973
"1022",0,0.611178770699312
"1023",0,0.542653295138587
"1024",1,0.58777458272639
"1025",0,0.584166228211851
"1026",1,0.465795301270274
"1027",0,0.425194755390785
"1028",0,0.286425116362618
"1029",0,0.538187445027569
"1030",0,0.557977882423667
"1031",1,0.437596734517558
"1032",0,0.49426379344418
"1033",0,0.27559057007779
"1034",1,0.248296167151739
"1035",1,0.596514144962537
"1036",1,0.722581759969707
"1037",0,0.216110284274601
"1038",0,0.684570337146989
"1039",0,0.724828853000232
"1040",1,0.256689045000417
"1041",0,0.472422495298282
"1042",0,0.208026617487661
"1043",1,0.75885866803292
"1044",1,0.619995329651568
"1045",1,0.596127801909482
"1046",1,0.49426379344418
"1047",1,0.488551701784467
"1048",1,0.796081718577959
"1049",1,0.270670987713244
"1050",1,0.706080295304365
"1051",0,0.62837064703827
"1052",1,0.433345582757056
"1053",0,0.389321013798675
"1054",0,0.379174946952807
"1055",1,0.652641925641591
"1056",0,0.473286091236536
"1057",1,0.935994332761745
"1058",1,0.443328651669492
"1059",1,0.540347090662943
"1060",0,0.318979026604961
"1061",1,0.444791785603429
"1062",0,0.473650308738952
"1063",0,0.347390613872364
"1064",0,0.284458252463583
"1065",0,0.240051239395195
"1066",0,0.466440513252966
"1067",1,0.806557121855488
"1068",1,0.843191980209738
"1069",0,0.567950785018184
"1070",1,0.572880279449878
"1071",1,0.634855305987954
"1072",1,0.345560739148216
"1073",1,0.377072003011248
"1074",1,0.788914621158499
"1075",1,0.774490484333648
"1076",1,0.50134217743417
"1077",0,0.509293132374084
"1078",1,0.891355047917765
"1079",1,0.738227875617546
"1080",1,0.697165263167963
"1081",1,0.638691932922463
"1082",1,0.913978073634369
"1083",1,0.866260794000421
"1084",1,0.817848607439261
"1085",1,0.409704782476887
"1086",1,0.414060956669663
"1087",0,0.215757594894388
"1088",1,0.619137170679141
"1089",1,0.59314454906345
"1090",0,0.695617083422832
"1091",1,0.459781911195309
"1092",0,0.459258237917599
"1093",0,0.189119592535069
"1094",1,0.40491414753513
"1095",1,0.638958639140599
"1096",0,0.656042163315959
"1097",1,0.444048588259332
"1098",0,0.300041972105257
"1099",0,0.383133280595601
"1100",0,0.284921300735587
"1101",0,0.524480991105305
"1102",0,0.569389970333689
"1103",0,0.258699798227608
"1104",0,0.223382542314449
"1105",0,0.461973426341928
"1106",1,0.446372374701062
"1107",0,0.449020917836984
"1108",1,0.755159784827343
"1109",0,0.243597965697111
"1110",0,0.0418574215029381
"1111",0,0.473807494009195
"1112",0,0.512367380302088
"1113",1,0.731743404327605
"1114",1,0.713154824789381
"1115",1,0.664742638228221
"1116",0,0.319778413836409
"1117",0,0.653139228242478
"1118",0,0.257216808105065
"1119",0,0.213435836410373
"1120",0,0.0671505477229975
"1121",1,0.381417776389182
"1122",1,0.429829962950342
"1123",0,0.194772571386573
"1124",0,0.240015446993769
"1125",1,0.474599347595659
"1126",0,0.476310410415409
"1127",1,0.213782027832123
"1128",0,0.703662348551194
"1129",1,0.731743404327605
"1130",0,0.27884887239293
"1131",0,0.215279354749214
"1132",0,0.663619904604433
"1133",0,0.366849350586797
"1134",0,0.559828906667518
"1135",1,0.527021282270894
"1136",1,0.482404936911913
"1137",1,0.269185938034374
"1138",0,0.10692551525376
"1139",0,0.0498045986566286
"1140",0,0.488442391366292
"1141",1,0.745204785686311
"1142",0,0.294900206193059
"1143",0,0.220643014616788
"1144",0,0.48434292541828
"1145",1,0.594168595396092
"1146",1,0.613650411400667
"1147",1,0.784136169658799
"1148",0,0.608971355109944
"1149",1,0.524178887083745
"1150",1,0.780613364672748
"1151",1,0.480718840749918
"1152",0,0.537251716553642
"1153",0,0.391644392619258
"1154",1,0.667163014187246
"1155",0,0.377072003011248
"1156",0,0.444877123452609
"1157",1,0.50819409775647
"1158",1,0.459781911195309
"1159",1,0.397429201894956
"1160",0,0.527162911525531
"1161",0,0.306278238398917
"1162",1,0.543331115104729
"1163",0,0.506938365182252
"1164",0,0.340067165771265
"1165",1,0.56381927698286
"1166",1,0.619995329651568
"1167",1,0.2541609694195
"1168",0,0.195677013187281
"1169",0,0.507251508774197
"1170",1,0.555663695335357
"1171",0,0.194329062210016
"1172",1,0.705978729000808
"1173",0,0.270030911052082
"1174",1,0.570518086741404
"1175",0,0.60153000267244
"1176",0,0.299108223038073
"1177",0,0.244320754856098
"1178",0,0.741253249746111
"1179",0,0.453890845469939
"1180",0,0.536245644573412
"1181",0,0.273711212833874
"1182",0,0.27181766836061
"1183",0,0.362043835525016
"1184",0,0.149069004635577
"1185",1,0.559722775619048
"1186",0,0.291692180828612
"1187",1,0.603063710502895
"1188",0,0.520851333542481
"1189",0,0.515788490727982
"1190",0,0.290651791943001
"1191",1,0.634849063603632
"1192",0,0.453231540411641
"1193",0,0.627350067397921
"1194",1,0.667163014187246
"1195",1,0.913978073634369
"1196",0,0.135063978324963
"1197",0,0.140545565288662
"1198",1,0.63518573742342
"1199",0,0.620503999071805
"1200",0,0.416003951784531
"1201",0,0.189119592535069
"1202",0,0.235197841806552
"1203",1,0.672610684546981
"1204",1,0.662526822265644
"1205",1,0.634134268527805
"1206",0,0.658038455982776
"1207",0,0.481893768447291
"1208",0,0.307674861398521
"1209",0,0.370738199621586
"1210",0,0.305299717219941
"1211",0,0.239825063979932
"1212",0,0.647112530736519
"1213",1,0.684570337146989
"1214",0,0.111034845450176
"1215",1,0.631777821493255
"1216",1,0.689624621490538
"1217",1,0.490312983741826
"1218",1,0.542550811355105
"1219",1,0.473807494009195
"1220",0,0.438409685034878
"1221",1,0.319463807990164
"1222",1,0.362163902891611
"1223",0,0.514807984353484
"1224",1,0.78398100599133
"1225",0,0.585719193917468
"1226",0,0.436936744361125
"1227",1,0.532778126855581
"1228",0,0.240074559801978
"1229",0,-0.00435235906575801
"1230",1,0.637098068968354
"1231",0,0.118029535151056
"1232",0,0.655960498138006
"1233",0,0.392177224537537
"1234",1,0.478272525236306
"1235",0,0.152081525022239
"1236",0,0.119363460596896
"1237",0,0.211494139533753
"1238",0,0.343405256967806
"1239",0,0.236754617303383
"1240",0,0.62860389171538
"1241",0,0.449872713755298
"1242",0,0.431127407137594
"1243",1,0.865565887073208
"1244",1,0.665977933857943
"1245",0,0.250696036476912
"1246",1,0.456308145243047
"1247",1,0.498172866480206
"1248",0,0.452399072207021
"1249",1,0.368266615434693
"1250",0,0.43529613666662
"1251",1,0.535354856707063
"1252",1,0.486942670145903
"1253",1,0.392864184286108
"1254",1,0.451835621525182
"1255",1,0.410514113511002
"1256",1,0.604727041681317
"1257",0,0.636149592114879
"1258",0,0.569609995461131
"1259",1,0.842942861356604
"1260",0,0.670964238034364
"1261",1,0.616068907205859
"1262",1,0.522952026502263
"1263",1,0.563391503539804
"1264",0,0.353433849319845
"1265",0,0.250168472147919
"1266",1,0.675012625328632
"1267",1,0.565776566698482
"1268",1,0.731743404327605
"1269",1,0.461185378649906
"1270",1,0.432750957098008
"1271",1,0.335640456136111
"1272",1,0.697954057317458
"1273",1,0.405727822131657
"1274",1,0.736760589060105
"1275",1,0.77344088460835
"1276",0,0.287959844756059
"1277",0,0.433889095709011
"1278",0,0.686196020468591
"1279",1,0.716965706332763
"1280",1,0.695149953038511
"1281",1,0.494784561262223
"1282",1,0.0228117945820201
"1283",0,0.322326013060425
"1284",1,0.662853600512601
"1285",0,0.210244659668164
"1286",1,0.661947311430385
"1287",1,0.702813033771019
"1288",1,0.601901500352035
"1289",1,0.332422392636567
"1290",0,0.368193995094755
"1291",1,0.399006894899411
"1292",1,0.429876455398529
"1293",1,0.805539050611081
"1294",1,0.651539844933689
"1295",0,0.860150339269389
"1296",0,0.807189034748642
"1297",0,0.371124559070524
"1298",0,0.627243797128389
"1299",0,0.724073333885485
"1300",0,0.341715783735321
"1301",1,0.612907012402048
"1302",0,0.37141165611813
"1303",0,0.464247507430717
"1304",0,0.435266536045359
"1305",0,0.428796793881092
"1306",1,0.882773364985993
"1307",1,0.648449061506668
"1308",1,0.600036874945508
"1309",1,0.497192419787455
"1310",0,0.425660818606838
"1311",0,0.458926300072163
"1312",0,0.429205782576134
"1313",1,0.582732579718145
"1314",1,0.575818028390772
"1315",0,0.646878868507092
"1316",1,0.352778641103595
"1317",1,0.698768667790731
"1318",1,0.530790664923393
"1319",0,0.388154612034116
"1320",0,0.546920067693758
"1321",0,0.0400353918079683
"1322",0,0.102621869110912
"1323",0,0.409944853621554
"1324",0,0.335624968606232
"1325",1,0.602473245892539
"1326",1,0.654681494543882
"1327",1,0.564494825840888
"1328",1,0.295642285596839
"1329",1,0.494798478599766
"1330",0,0.609769641891979
"1331",0,0.865565887073208
"1332",1,0.913978073634369
"1333",0,0.420948560336665
"1334",1,0.475241142502901
"1335",0,0.532629724865168
"1336",0,0.626130050890199
"1337",0,0.241021431101143
"1338",0,0.493174023482327
"1339",0,0.515788490727982
"1340",1,0.726078297772487
"1341",1,0.774490484333648
"1342",1,0.69661396490213
"1343",0,0.301591890935613
"1344",1,0.0648761016784695
"1345",0,-0.04202004111491
"1346",0,0.0509824570790649
"1347",0,0.377652908907709
"1348",0,0.673390743258485
"1349",1,0.329893614751857
"1350",0,0.17625408661807
"1351",1,0.788201424443652
"1352",1,0.863923240986568
"1353",0,0.479539593698755
"1354",0,0.475241142502901
"1355",1,0.683516370836202
"1356",1,0.675719288805376
"1357",0,0.464376398769936
"1358",0,0.221696529548018
"1359",1,0.515189621823538
"1360",1,0.415354171793542
"1361",0,0.765945455969782
"1362",0,0.409888072137306
"1363",0,0.364681856242995
"1364",1,0.552827148052007
"1365",0,0.243989064033913
"1366",0,0.164939099874707
"1367",0,0.618272627898022
"1368",0,0.580339271853344
"1369",0,0.215473903124202
"1370",1,0.529974548308789
"1371",1,0.633668256452488
"1372",1,0.543597821322865
"1373",0,0.503204770934708
"1374",0,0.0983021631112214
"1375",0,0.0437968577710891
"1376",1,0.652473924991866
"1377",1,0.614949257410219
"1378",1,0.255692798060589
"1379",0,0.215561517591056
"1380",1,0.436795115106487
"1381",1,0.486173717754628
"1382",0,0.916147310082153
"1383",0,0.84072100342194
"1384",0,0.280337557865378
"1385",0,0.774798786102162
"1386",0,0.230370905755993
"1387",0,0.231057035202094
"1388",1,0.270030911052082
"1389",1,0.491303325906288
"1390",0,0.53275511197944
"1391",1,0.550237556785426
"1392",1,0.61396863214561
"1393",1,0.541079909073487
"1394",1,0.68407841719104
"1395",1,0.569860441336861
"1396",0,0.728601754717412
"1397",0,0.511174727501071
"1398",0,0.309161755679742
"1399",0,0.279655455703713
"1400",0,0.226660806599248
"1401",0,0.17629570986767
"1402",1,0.76085090133415
"1403",1,0.900157748460734
"1404",1,0.479539593698755
"1405",1,0.425660818606838
"1406",1,0.717533269408622
"1407",0,0.350524075820138
"1408",1,0.628807845290982
"1409",0,0.676752408663355
"1410",1,0.708259189448413
"1411",0,0.661038772517188
"1412",1,0.587074148881477
"1413",1,0.727980607114133
"1414",1,0.747044957174567
"1415",0,0.166154727041744
"1416",1,0.368836678386379
"1417",0,0.394958728493145
"1418",0,0.422487096051875
"1419",0,0.485215025645583
"1420",0,0.475241142502901
"1421",0,0.350039869898199
"1422",1,0.477648286283083
"1423",1,0.485458962951463
"1424",0,0.431127407137594
"1425",0,0.484008775709983
"1426",1,0.736760589060105
"1427",0,0.128219807233448
"1428",1,0.513016255960279
"1429",0,0.162887040684882
"1430",0,0.153419233925736
"1431",0,0.487518105545848
"1432",1,0.382820313617867
"1433",1,0.372884543075882
"1434",0,0.384264944514273
"1435",0,0.485843664651165
"1436",1,0.457862755278109
"1437",1,0.567175014472661
"1438",0,0.630660807591889
"1439",1,0.580339271853344
"1440",0,0.160761946811278
"1441",0,0.00973037788053677
"1442",1,0.68359792398458
"1443",1,0.180404620757323
"1444",0,0.22142024810231
"1445",1,0.391905396741667
"1446",1,0.221190874868345
"1447",0,0.409366018742442
"1448",1,0.68407841719104
"1449",1,0.657668108743205
"1450",1,0.557705318935245
"1451",1,0.550237556785426
"1452",0,0.441147479508049
"1453",0,0.466216504275877
"1454",1,0.476969160190244
"1455",0,0.304411750463262
"1456",0,0.303048710828175
"1457",0,0.210721473811222
"1458",1,0.475137948581737
"1459",0,0.162100215211229
"1460",1,0.0979147933060161
"1461",0,0.586442302699464
"1462",1,0.743322430253178
"1463",1,0.694910243692018
"1464",0,0.32165862199995
"1465",0,0.335650642002251
"1466",1,0.673541723047014
"1467",1,0.805539050611081
"1468",1,0.772619891958114
"1469",1,0.348983404913814
"1470",0,0.329893614751857
"1471",1,0.811950162421139
"1472",0,0.758144935294328
"1473",0,0.306806921473844
"1474",0,0.446372374701062
"1475",0,0.251688113442337
"1476",0,0.529588205255734
"1477",0,0.579278474635431
"1478",0,0.689624621490538
"1479",1,0.436795115106487
"1480",0,0.446372374701062
"1481",1,0.514807984353484
"1482",1,0.263997880345515
"1483",0,0.331078710631538
"1484",0,0.212710468624623
"1485",0,0.181036903872794
"1486",1,0.582451932384122
"1487",1,0.568842628684848
"1488",1,0.469831824330913
"1489",1,0.524178887083745
"1490",0,0.195972982452391
"1491",0,0.499851998579596
"1492",1,0.399078097833055
"1493",0,0.382838912208215
"1494",1,0.463690984231335
"1495",1,0.492460774820493
"1496",0,0.45919475122713
"1497",1,0.823095838677012
"1498",1,0.621941341669229
"1499",0,0.519940958135598
"1500",1,0.415218172664468
"1501",1,0.702205827283628
"1502",1,0.71918152229534
"1503",1,0.648102685440792
"1504",1,0.569263520103641
"1505",1,0.458926300072163
"1506",0,0.338340892230698
"1507",1,0.243312006557008
"1508",0,0.709863925816023
"1509",1,0.646639959516991
"1510",1,0.595407714776637
"1511",1,0.584316295127825
"1512",0,0.426562398069756
"1513",1,0.534819355107129
"1514",1,0.633209219933565
"1515",1,0.681621406494725
"1516",0,0.563235627538351
"1517",0,0.455082195421338
"1518",1,0.865565887073208
"1519",0,0.294271559452717
"1520",1,0.364159818051906
"1521",1,0.554711072823099
"1522",1,0.441067341134542
"1523",0,0.520290029507947
"1524",1,0.748620039667397
"1525",1,0.236509114174426
"1526",0,0.3687061071658
"1527",0,0.269215033083188
"1528",0,0.219307377137804
"1529",0,0.219307377137804
"1530",1,0.557705318935245
"1531",1,0.616525353967245
"1532",1,0.497279680329112
"1533",1,0.523862122164876
"1534",1,0.256137266452677
"1535",1,0.571157051964176
"1536",0,0.596993533798704
"1537",0,0.536014082560341
"1538",0,0.458926300072163
"1539",0,0.410514113511002
"1540",1,0.48436594029442
"1541",1,0.515788490727982
"1542",0,0.61396863214561
"1543",0,0.467158340905361
"1544",1,0.497279680329112
"1545",1,0.226747248256999
"1546",0,0.455082195421338
"1547",0,0.478751030595299
"1548",1,0.224665481363848
"1549",0,0.232495999629597
"1550",1,0.710520499983363
"1551",0,0.39839357919118
"1552",0,0.141371734302471
"1553",1,0.360224783688313
"1554",0,0.57467283827563
"1555",0,-0.0390220145412499
"1556",0,0.360807836054736
"1557",0,0.522219680570355
"1558",1,0.607619505727236
"1559",0,0.417826343640672
"1560",0,0.488180278046722
"1561",0,0.668982312923976
"1562",1,0.691300007551986
"1563",1,0.669484254257734
"1564",0,0.537073299404743
"1565",0,0.404464360457387
"1566",0,0.312530425558376
"1567",0,0.363313882402144
"1568",0,0.553029641871588
"1569",0,0.554373054666
"1570",0,0.261083311180784
"1571",1,0.618750827626086
"1572",1,0.446032837931676
"1573",1,0.368529655072762
"1574",1,0.520321383445072
"1575",1,0.330071621348642
"1576",1,0.563737979703544
"1577",0,0.220127330074291
"1578",0,0.675958998151869
"1579",0,0.176086914134755
"1580",0,0.219795544528341
"1581",1,0.7490936347211
"1582",0,0.468474632599624
"1583",1,0.563631977954962
"1584",0,0.255951568802972
"1585",0,0.263077300926545
"1586",1,0.767221044813688
"1587",0,0.618750827626086
"1588",0,0.532629724865168
"1589",1,0.438972814191203
"1590",0,0.556010050589198
"1591",1,0.648602095992794
"1592",1,0.630373340484651
"1593",0,0.587589786293002
"1594",0,0.245513727280124
"1595",0,0.1796059790929
"1596",1,0.414458253720231
"1597",1,0.369624066576066
"1598",0,0.453755213689351
"1599",0,0.457862755278109
"1600",1,0.608240653330514
"1601",1,0.675012625328632
"1602",1,0.740649438094893
"1603",0,0.798998483439837
"1604",1,0.583381956819959
"1605",1,0.732201178111587
"1606",1,0.756523052398703
"1607",0,0.408294940223228
"1608",0,0.610042209699901
"1609",0,0.409685039392302
"1610",1,0.584316295127825
"1611",1,0.632728481688985
"1612",0,0.364768586409505
"1613",0,0.120341667541769
"1614",0,0.0426441170309303
"1615",1,0.273368901890664
"1616",1,0.435262797227881
"1617",1,0.481549889915437
"1618",1,0.603292235911016
"1619",1,0.712247647207142
"1620",0,0.693392361450783
"1621",1,0.548918075015981
"1622",0,0.604676440852545
"1623",0,0.423655315344029
"1624",0,0.425644885227332
"1625",1,0.584316295127825
"1626",1,0.662436362282316
"1627",1,0.249189861808854
"1628",1,0.793616972247472
"1629",0,0.665415485885585
"1630",1,0.696027727291846
"1631",1,0.660809335656104
"1632",0,0.101587316063439
"1633",0,0.0531751295022783
"1634",0,0.0286931641222548
"1635",0,-0.0208365589450358
"1636",0,0.283491684580368
"1637",0,0.17517817336154
"1638",0,0.456183682860465
"1639",0,0.27884887239293
"1640",1,0.716875246349434
"1641",0,0.653139228242478
"1642",1,0.631777821493255
"1643",0,0.449020917836984
"1644",0,0.441505807553584
"1645",0,0.36722295543817
"1646",1,0.429101612522958
"1647",1,0.699059026074537
"1648",1,0.43503648871463
"1649",1,0.670188033827835
"1650",0,0.535565306319993
"1651",0,0.591518865741848
"1652",1,0.346441172905311
"1653",0,0.590195257952959
"1654",0,0.475867070941332
"1655",0,0.490223620394031
"1656",1,0.706964779265202
"1657",0,0.301651003743821
"1658",0,0.246237005313631
"1659",1,0.549140792836799
"1660",1,0.597552979397959
"1661",1,0.251923738418353
"1662",1,0.784137556910019
"1663",1,0.817848607439261
"1664",1,0.476310410415409
"1665",1,0.518239620690925
"1666",1,0.553180621660117
"1667",0,0.513430152524483
"1668",0,0.556014960894488
"1669",0,0.29863142339772
"1670",0,0.247467612714739
"1671",1,0.405441327116252
"1672",0,0.141745870187014
"1673",0,0.745328247750091
"1674",0,0.118280250237404
"1675",1,0.54796527713448
"1676",0,0.268959912411778
"1677",0,-0.00435050957854384
"1678",1,0.539177599731842
"1679",0,0.284345804799518
"1680",1,0.367692995218818
"1681",1,0.295989210335016
"1682",1,0.476973547470207
"1683",1,0.789665436307271
"1684",1,0.728685985068909
"1685",0,0.480718840749918
"1686",0,0.337950396764312
"1687",1,0.219542810109849
"1688",0,0.28771034929701
"1689",0,0.378150211508596
"1690",0,0.62308502483679
"1691",0,0.561428442521439
"1692",0,0.529588205255734
"1693",0,0.376351542691379
"1694",0,0.351373222618613
"1695",0,0.62010335338424
"1696",0,0.570201377551411
"1697",1,0.699268078342734
"1698",1,0.365790278692515
"1699",0,0.157138289312284
"1700",0,0.118029535151056
"1701",0,0.0138455305119643
"1702",1,0.71091824563579
"1703",1,0.630225195491779
"1704",1,0.542234790451203
"1705",0,0.460369262035302
"1706",0,0.312389855711111
"1707",1,0.546426196855767
"1708",0,0.332354957809546
"1709",1,0.59326801112723
"1710",1,0.439171870263907
"1711",0,0.0360307071897159
"1712",0,0.429860338675146
"1713",0,0.457941394451556
"1714",0,0.453890845469939
"1715",1,0.50819409775647
"1716",0,0.394181309540075
"1717",0,0.477458892183807
"1718",1,0.597685534992629
"1719",0,0.682080443013649
"1720",0,0.520321383445072
"1721",1,0.480962783200776
"1722",1,0.662962508425796
"1723",0,0.149499899638381
"1724",1,0.286877714724574
"1725",0,0.219522981865397
"1726",1,0.308428640990055
"1727",1,0.582451932384122
"1728",0,0.243224027453979
"1729",1,0.698768667790731
"1730",0,0.341231899645557
"1731",0,0.329511612368401
"1732",1,0.386854349484199
"1733",0,0.394181309540075
"1734",1,0.529501791561981
"1735",0,0.24772799881156
"1736",0,0.0945930267792688
"1737",0,0.364915527013432
"1738",1,0.707075647126296
"1739",1,0.837611070777859
"1740",1,0.607177547325943
"1741",0,0.0206643217906112
"1742",0,0.454295085205694
"1743",0,0.187595524973244
"1744",1,0.68359792398458
"1745",1,0.598700344175359
"1746",1,0.490178178357488
"1747",0,0.441765991796327
"1748",0,0.436802839084422
"1749",0,0.491099301008483
"1750",1,0.734505274636116
"1751",0,0.780613364672748
"1752",0,0.657699403012023
"1753",1,0.636158150585828
"1754",0,0.261376140282007
"1755",0,0.143705063014416
"1756",0,0.458183989273006
"1757",0,0.312776601967379
"1758",1,-0.0454432134317313
"1759",1,0.627350067397921
"1760",0,0.190587007636883
"1761",0,0.257349753468604
"1762",0,0.372566322330939
"1763",0,0.376489444968816
"1764",1,0.728601754717412
"1765",0,0.454952901062868
"1766",0,0.186451487237937
"1767",0,0.101459415597524
"1768",0,0.176786369105801
"1769",1,0.613650411400667
"1770",0,0.646562747978506
"1771",1,0.421801228408985
"1772",0,0.562812931109304
"1773",1,0.605026048801575
"1774",0,0.349810191820851
"1775",1,0.598857773514787
"1776",1,0.604936951177872
"1777",0,0.345537340077842
"1778",1,0.658772617831483
"1779",0,0.459970023133024
"1780",1,0.663619904604433
"1781",1,0.655920613924426
"1782",0,0.47998222357276
"1783",0,0.429236099721923
"1784",1,0.56608019264265
"1785",1,0.640208001612435
"1786",1,0.659538701118739
"1787",1,0.696010153250913
"1788",0,0.421419637769752
"1789",1,0.303294213957132
"1790",0,0.664742638228221
"1791",1,0.67487331107039
"1792",1,0.577237735768592
"1793",0,0.563732016441203
"1794",1,0.587737405553719
"1795",0,0.423655315344029
"1796",0,0.421494014734995
"1797",1,0.52972712012934
"1798",1,0.496216135535058
"1799",0,0.359122620572775
"1800",0,0.646562747978506
"1801",0,0.491099301008483
"1802",0,0.425194755390785
"1803",1,0.439928638501573
"1804",1,0.525965461454775
"1805",1,0.520290029507947
"1806",0,0.515504974289941
"1807",0,0.353567331106429
"1808",1,0.434112817717348
"1809",1,0.400473580472546
"1810",1,0.352061393911385
"1811",1,0.59019292571781
"1812",0,0.474057071788492
"1813",1,0.423853451458678
"1814",0,0.599690498879632
"1815",1,0.45889082900382
"1816",1,0.574929953681356
"1817",0,0.441157223438728
"1818",1,0.656042163315959
"1819",0,0.587589786293002
"1820",0,0.630039123926224
"1821",0,0.016388311217713
"1822",1,0.425660818606838
"1823",1,0.458926300072163
"1824",1,0.694974934539667
"1825",0,0.331891406614037
"1826",1,0.257233459788103
"1827",0,0.236016354510294
"1828",0,0.26802182715843
"1829",1,0.574585507069962
"1830",1,0.62722971344071
"1831",1,0.58620914334895
"1832",0,-0.0309931722096062
"1833",0,0.0155027638940213
"1834",0,0.384264944514273
"1835",1,0.788201424443652
"1836",0,0.699268078342734
"1837",0,0.66070819204984
"1838",0,0.412030498010102
"1839",0,0.107262748010267
"1840",0,0.347951548672744
"1841",0,0.177167743244843
"1842",0,0.17629570986767
"1843",0,0.516886819160784
"1844",1,0.382981334351274
"1845",1,0.42025150043485
"1846",1,0.480962783200776
"1847",0,0.110402875697851
"1848",1,0.384264944514273
"1849",1,0.285804146396134
"1850",1,0.449872713755298
"1851",1,0.393242314541561
"1852",0,0.443803106522311
"1853",0,0.357034934337556
"1854",1,0.738227875617546
"1855",1,0.811565748117039
"1856",0,0.508033551519287
"1857",0,0.552923282238998
"1858",1,0.376831318400557
"1859",1,0.347951548672744
"1860",0,0.236754617303383
"1861",1,0.30746671673776
"1862",1,0.251923738418353
"1863",0,0.62308502483679
"1864",0,0.224503756110918
"1865",0,0.348096257328814
"1866",0,0.367628674162162
"1867",1,0.690882624733743
"1868",1,0.636149592114879
"1869",0,0.683516370836202
"1870",1,0.508631946795322
"1871",0,0.471643943553588
"1872",0,0.529991900656733
"1873",0,0.508395105543407
"1874",1,0.551754622299331
"1875",0,0.515319829880043
"1876",1,0.289961989581744
"1877",1,0.770993946530868
"1878",1,0.763676205574885
"1879",1,0.18598706860755
"1880",0,0.35066090559587
"1881",0,0.372865367791286
"1882",1,0.895159887489059
"1883",0,0.254926896510428
"1884",0,0.159147358716006
"1885",0,0.4485469033043
"1886",1,0.636403162041141
"1887",0,0.638415746800584
"1888",0,0.636400037990609
"1889",0,0.459220262933944
"1890",1,0.770993946530868
"1891",0,0.208026617487661
"1892",0,0.307129663223956
"1893",0,0.265437125689984
"1894",0,0.154694540865652
"1895",0,0.693587263750968
"1896",1,0.480915972639944
"1897",1,0.457759898307603
"1898",1,0.522105900180244
"1899",1,0.584166228211851
"1900",1,0.420699064514619
"1901",0,0.430413122328223
"1902",1,0.601592808221277
"1903",1,0.564494825840888
"1904",0,0.395233993182231
"1905",0,0.437344217548347
"1906",0,0.297022013322216
"1907",1,0.568903256175397
"1908",0,0.454311736888733
"1909",0,0.431978675381389
"1910",1,0.613911084562715
"1911",0,0.580261923378835
"1912",0,0.499050694507658
"1913",0,0.446278341060633
"1914",1,0.627350067397921
"1915",1,0.670964238034364
"1916",0,0.498371559048331
"1917",1,0.449959372487171
"1918",0,0.598700344175359
"1919",1,0.647112530736519
"1920",1,0.433094631610923
"1921",1,0.502270863873349
"1922",0,0.400836707513073
"1923",0,0.503200013595112
"1924",0,0.529328159201105
"1925",0,0.422487096051875
"1926",0,0.374074909490715
"1927",1,0.706747598266183
"1928",1,0.755159784827343
"1929",0,0.0959560664143562
"1930",0,0.584313418557919
"1931",0,0.504398256554289
"1932",0,0.0366803832042984
"1933",0,0.316503340452272
"1934",1,0.364915527013432
"1935",0,0.512367380302088
"1936",0,0.454311736888733
"1937",0,0.380598837333811
"1938",1,0.750586296878676
"1939",1,0.762549749904661
"1940",0,0.215309453831073
"1941",0,0.105825363784136
"1942",0,0.546801912800349
"1943",0,0.0794624312546162
"1944",0,0.270196478961507
"1945",0,0.390024511516191
"1946",0,0.371279204898487
"1947",0,0.385476909147851
"1948",0,0.151870496640943
"1949",1,0.296774285748396
"1950",1,0.654681494543882
"1951",1,0.606204766038062
"1952",0,0.246237005313631
"1953",0,0.440726588089256
"1954",1,0.524178887083745
"1955",1,0.895159887489059
"1956",0,0.431127407137594
"1957",0,0.353433849319845
"1958",0,0.309480693921966
"1959",1,0.935994332761745
"1960",0,0.511539742271974
"1961",0,0.455117310703082
"1962",1,0.379643607800746
"1963",0,0.168266867536026
"1964",1,0.496399935328894
"1965",0,0.636475009030878
"1966",1,0.545691866890272
"1967",0,0.342149233364129
"1968",1,0.718181007890995
"1969",1,0.745328247750091
"1970",1,0.448780233226294
"1971",1,0.45292999087301
"1972",0,0.538187445027569
"1973",0,0.618750827626086
"1974",1,0.693587263750968
"1975",1,0.635666230629879
"1976",1,0.626130050890199
"1977",0,0.343901048088966
"1978",0,0.179868143938165
"1979",1,0.38542457749956
"1980",0,0.42311243041528
"1981",1,0.462349681167043
"1982",0,0.283267524713058
"1983",0,0.495666127968164
"1984",0,0.465514165061731
"1985",0,0.261624558123421
"1986",1,0.486173717754628
"1987",0,0.40645393034069
"1988",0,0.461973426341928
"1989",1,0.758466957290727
"1990",1,0.184809805589973
"1991",0,-0.00160073494393741
"1992",1,0.741804548011944
"1993",1,0.365812616367731
"1994",0,0.535754041650691
"1995",0,0.551612200156273
"1996",0,0.417346454996228
"1997",0,0.169706621294069
"1998",1,0.390024511516191
"1999",1,0.26802182715843
"2000",1,0.500811258768181
"2001",1,0.675012625328632
"2002",1,0.789430446229769
"2003",0,0.401558271863928
"2004",1,0.502430837188445
"2005",1,0.615160808190827
"2006",1,0.663572994751987
"2007",1,0.35999772251288
"2008",1,0.79738364433282
"2009",0,0.297912081452538
"2010",1,0.657699403012023
"2011",1,0.372566322330939
"2012",1,0.768463786827689
"2013",1,0.732201178111587
"2014",0,0.670964238034364
"2015",1,0.488751355752789
"2016",1,0.871508025238172
"2017",1,0.80948435691945
"2018",0,0.319877406658199
"2019",1,0.523434284484785
"2020",0,0.674163310548457
"2021",1,0.554948910025402
"2022",0,0.369317063802553
"2023",0,0.34430645470269
"2024",1,0.473606941951946
"2025",0,0.296802736422707
"2026",0,0.305659083059259
"2027",0,0.381417884179469
"2028",0,0.421508478233231
"2029",1,0.0589121642038525
"2030",0,0.379060899614505
"2031",1,0.684855927227785
"2032",1,0.699952031494849
"2033",0,0.549946534632848
"2034",1,0.704369012027938
"2035",1,0.478609095709733
"2036",1,0.633440781946635
"2037",0,0.789665436307271
"2038",0,0.298609721424985
"2039",1,0.6293061807919
"2040",1,0.716875246349434
"2041",0,0.39010422653421
"2042",0,0.214845572626177
"2043",0,0.214845572626177
"2044",1,0.663776455523122
"2045",1,0.684815348602301
"2046",1,0.574137460681786
"2047",1,0.587980504452418
"2048",1,0.867735123520992
"2049",1,0.8891331899831
"2050",0,0.634854489260625
"2051",0,0.159734916348664
"2052",1,0.702405672330586
"2053",1,0.674542237451359
"2054",0,0.75259017252388
"2055",1,0.722581759969707
"2056",1,0.782867160461526
"2057",0,0.750618013844788
"2058",1,0.758776848187481
"2059",1,0.807189034748642
"2060",1,0.437659967332416
"2061",1,0.729451509395751
"2062",1,0.66070819204984
"2063",0,0.802441544400546
"2064",1,0.681621406494725
"2065",0,0.328582056092366
"2066",1,0.838256257091452
"2067",1,0.591026945785899
"2068",0,0.639439132347059
"2069",0,0.486401091644483
"2070",1,0.270030911052082
"2071",1,0.176879060687184
"2072",0,0.167552881179746
"2073",0,0.414290626999489
"2074",0,0.317791449682749
"2075",0,0.340824277263009
"2076",1,0.495707805818962
"2077",1,0.544119992380123
"2078",0,0.534320393156985
"2079",1,0.451592522626483
"2080",1,0.312876034909749
"2081",1,0.891604166770898
"2082",1,0.869370726644502
"2083",1,0.66448109376702
"2084",1,0.626130050890199
"2085",0,0.510012239097754
"2086",1,0.495865973015122
"2087",0,0.510963850779338
"2088",0,0.206197443817569
"2089",1,0.364681856242995
"2090",1,0.820568954493134
"2091",1,0.88196609256364
"2092",0,0.514711008854337
"2093",1,0.447119550347315
"2094",1,0.675012625328632
"2095",1,0.713154824789381
"2096",0,0.374074909490715
"2097",1,0.450790936360244
"2098",0,0.143245531264654
"2099",1,0.375287997897325
"2100",1,0.739294811294904
"2101",1,0.717394499485136
"2102",1,0.776403264702856
"2103",1,0.520834681859443
"2104",0,0.486942670145903
"2105",1,0.798552695365757
"2106",1,0.821621509156441
"2107",1,0.777098171630069
"2108",1,0.716327563807778
"2109",1,0.680189568156251
"2110",1,0.619953287293746
"2111",1,0.280805450823354
"2112",0,0.357192317125739
"2113",0,0.186385155030994
"2114",1,0.52932565374193
"2115",1,0.497076507125191
"2116",1,0.502303032031099
"2117",1,0.886546266703172
"2118",1,0.505166574154883
"2119",1,0.467925347620137
"2120",1,0.452137071571887
"2121",1,0.437596734517558
"2122",0,0.483090351450514
"2123",1,0.410689194077995
"2124",1,0.289209361125636
"2125",0,0.199217878392023
"2126",1,0.566343102053256
"2127",0,0.636065821432183
"2128",1,0.403292227677164
"2129",0,0.118886963534409
"2130",0,0.140412833822764
"2131",0,0.440139515223307
"2132",0,0.164347755572245
"2133",0,0.437596734517558
"2134",0,0.476427668791054
"2135",1,0.502167400250511
"2136",1,0.457759898307603
"2137",0,0.319463807990164
"2138",0,0.541231739897708
"2139",1,0.560517608335433
"2140",1,0.692237251533733
"2141",1,0.75259017252388
"2142",1,0.495865973015122
"2143",1,0.752782526974785
"2144",1,0.255990441304482
"2145",0,0.248862391146034
"2146",0,0.260377291409454
"2147",0,0.0174285356049837
"2148",0,0.474073005167999
"2149",0,0.468312650059642
"2150",1,0.581830344882679
"2151",0,0.575492216126434
"2152",0,0.567641089477229
"2153",1,0.39010422653421
"2154",1,0.345515542519002
"2155",1,0.547977535586326
"2156",1,0.716875246349434
"2157",1,0.657566542439647
"2158",0,0.0729451801052028
"2159",0,0.59390353974456
"2160",0,0.350039869898199
"2161",0,0.387781954774821
"2162",0,0.572751701720874
"2163",0,0.594104330988985
"2164",0,0.470686508298403
"2165",1,0.283304672432648
"2166",0,0.528825549207432
"2167",0,0.237158060441775
"2168",1,0.600189909431634
"2169",1,0.473606941951946
"2170",0,0.20750892801064
"2171",0,0.299108223038073
"2172",0,0.619014901900108
"2173",1,0.358626861766009
"2174",0,0.604676440852545
"2175",0,0.556264254291385
"2176",0,0.285644782565617
"2177",1,0.619995329651568
"2178",1,0.709221522217264
"2179",0,0.592741243245358
"2180",1,0.571876150146836
"2181",1,0.597033398098239
"2182",1,0.875939395057682
"2183",0,-0.00922907706118338
"2184",1,0.154350005477578
"2185",1,0.363340552310888
"2186",1,0.550237556785426
"2187",0,0.384037155167392
"2188",0,0.339420809808412
"2189",0,0.288545650905624
"2190",1,0.679129666515913
"2191",0,0.323740407900479
"2192",1,0.511840147814664
"2193",1,0.463427961253503
"2194",1,0.514823440977191
"2195",1,0.557977882423667
"2196",1,0.622553262967122
"2197",0,0.0938151279820518
"2198",0,0.408465663096342
"2199",1,0.580985778618304
"2200",0,0.908562525830549
"2201",1,0.584524096673263
"2202",1,0.548261487957161
"2203",1,0.396040936388684
"2204",1,0.627350067397921
"2205",1,0.573278045318781
"2206",1,0.282413774538068
"2207",1,0.587692752684272
"2208",0,0.323740407900479
"2209",1,0.624978556697325
"2210",1,0.750618013844788
"2211",1,0.670769335734179
"2212",1,0.471643943553588
"2213",1,0.516886819160784
"2214",1,0.752074535112354
"2215",1,0.683331217766444
"2216",1,0.717914080784857
"2217",1,0.658998380778121
"2218",0,0.597819906504098
"2219",0,0.323992559289626
"2220",0,0.44771668843224
"2221",0,0.227447468855582
"2222",1,0.525465896725911
"2223",1,0.692237251533733
"2224",1,0.717394499485136
"2225",1,0.49272837902727
"2226",0,0.630122894608921
"2227",0,0.590101104403524
"2228",0,0.4180829643831
"2229",0,0.523653329064062
"2230",0,0.448780233226294
"2231",0,0.485215025645583
"2232",1,0.446599528927014
"2233",1,0.434672735613914
"2234",0,0.814542256987175
"2235",1,0.717914080784857
"2236",1,0.691086085504878
"2237",1,0.489569409999888
"2238",0,0.571364213063424
"2239",1,0.532592151454248
"2240",1,0.29529377161948
"2241",1,0.713505650450347
"2242",1,0.825252649516728
"2243",1,0.720100465524958
"2244",1,0.69661396490213
"2245",0,0.443813578658556
"2246",0,0.438360710355684
"2247",1,0.504720331804207
"2248",1,0.660377465666331
"2249",1,0.561508580894946
"2250",1,0.314775098749535
"2251",0,0.420948560336665
"2252",0,0.313751716330451
"2253",0,0.375287997897325
"2254",0,0.275273053872224
"2255",1,0.199810087499126
"2256",0,0.0863863717240959
"2257",1,0.0326797803353663
"2258",1,0.717394499485136
"2259",1,0.69661396490213
"2260",0,0.437431478090005
"2261",0,0.307787112308896
"2262",1,0.36397989898089
"2263",0,0.219824972951691
"2264",0,0.219579469822734
"2265",0,0.790344547162776
"2266",0,0.49909692979562
"2267",0,0.189008352678595
"2268",0,0.199883980590579
"2269",0,0.234829936919274
"2270",0,0.442687114447322
"2271",0,0.230370905755993
"2272",1,0.457501587018318
"2273",0,0.75712686404992
"2274",1,0.263354018098108
"2275",1,0.420764278878221
"2276",0,0.549264254900579
"2277",1,0.83355390600248
"2278",1,0.632389049294626
"2279",0,0.0795912317325772
"2280",1,0.310766305750697
"2281",0,0.217480934952358
"2282",1,0.651539844933689
"2283",0,0.649250054786918
"2284",0,0.170924663005585
"2285",1,0.662911912742002
"2286",1,0.692237251533733
"2287",0,0.61396863214561
"2288",1,0.563732016441203
"2289",1,0.673478917498177
"2290",1,0.576796235335645
"2291",0,0.0034653533724209
"2292",0,0.259763343021661
"2293",0,0.0465986155080619
"2294",1,0.427323427143001
"2295",1,0.586599631588729
"2296",0,0.454295085205694
"2297",0,0.338145220964507
"2298",0,0.286390204605338
"2299",0,0.315960044286755
"2300",0,0.374753965446057
"2301",1,0.79361074261564
"2302",1,0.162486540470485
"2303",0,0.356249899698828
"2304",0,0.203132956289641
"2305",1,0.482404936911913
"2306",1,0.520056130114749
"2307",1,0.546995528215476
"2308",1,0.595407714776637
"2309",1,0.310532406357499
"2310",1,0.248362099187236
"2311",1,0.604229739080431
"2312",1,0.632728481688985
"2313",0,0.176051298065566
"2314",1,0.622552051473204
"2315",1,0.660791662323557
"2316",1,0.654475759012627
"2317",1,0.932109778130095
"2318",1,0.362020896040016
"2319",1,0.325622763333612
"2320",0,0.587737405553719
"2321",0,0.619995329651568
"2322",0,0.413946748467635
"2323",0,0.361964750738112
"2324",1,0.335683426803292
"2325",0,0.457330158915426
"2326",1,0.885328350411806
"2327",0,0.386611813925395
"2328",1,0.563917160851101
"2329",0,0.539177599731842
"2330",0,0.650855891781573
"2331",1,0.733903642406275
"2332",0,0.733903642406275
"2333",0,0.650426109679014
"2334",1,0.26432869754531
"2335",1,0.601923463134526
"2336",0,0.140104130880367
"2337",1,0.600423217998563
"2338",0,0.538176765147881
"2339",1,0.634165985493917
"2340",1,0.714375719717842
"2341",0,0.228318925026792
"2342",0,0.301651003743821
"2343",1,0.258657275655125
"2344",1,0.684855927227785
"2345",1,0.689264357562294
"2346",1,0.683751803808247
"2347",0,0.26753470447222
"2348",0,0.575649051864016
"2349",0,0.276885897772916
"2350",1,0.225874726005306
"2351",1,0.274286912566467
"2352",1,0.384970607955435
"2353",0,0.195576877472753
"2354",0,0.519162481643055
"2355",0,0.579969749178231
"2356",1,0.702405672330586
"2357",1,0.774490484333648
"2358",1,0.642221838142325
"2359",1,0.32203910634577
"2360",0,0.0360307071897159
"2361",0,0.363187285310695
"2362",1,0.748709872430868
"2363",1,0.0291344831104427
"2364",1,0.430195252032995
"2365",0,0.316441737697525
"2366",0,0.406261784667845
"2367",1,0.503200013595112
"2368",1,0.935994332761745
"2369",1,0.478097433225612
"2370",1,0.944797033304715
"2371",1,0.537307007356308
"2372",1,0.553029641871588
"2373",0,0.696010153250913
"2374",0,0.465365902749634
"2375",0,0.312930780391329
"2376",0,0.211502742828169
"2377",1,0.516038936603712
"2378",1,0.595407714776637
"2379",1,0.735521909577724
"2380",0,0.356197422669092
"2381",1,0.675762253959082
"2382",1,0.673478917498177
"2383",1,0.522853497850886
"2384",0,0.293337018570151
"2385",1,0.343674881127326
"2386",0,0.111322729787504
"2387",0,0.319129186730348
"2388",0,0.143245531264654
"2389",1,0.757802259556565
"2390",0,0.0574131772229759
"2391",1,0.755578293670785
"2392",1,0.733762540376533
"2393",0,0.210797684556952
"2394",0,0.556012454819455
"2395",0,0.658883749448972
"2396",0,0.423182308642489
"2397",0,0.649351026668233
"2398",0,0.36722030775538
"2399",1,0.639439132347059
"2400",1,0.416953716188473
"2401",1,0.428556973629084
"2402",0,0.760157645799019
"2403",1,0.502664149569254
"2404",0,0.227267648440626
"2405",1,0.684815348602301
"2406",1,0.348937669569159
"2407",0,0.397349856130319
"2408",0,0.368723200574133
"2409",0,0.413094042804156
"2410",1,0.793340608333072
"2411",0,0.347639022460989
"2412",0,0.408824527343252
"2413",0,0.361910904407481
"2414",1,0.66070819204984
"2415",1,0.689624621490538
"2416",1,0.600189602290342
"2417",0,0.501660378655839
"2418",1,0.480498816953575
"2419",0,0.176183947406432
"2420",0,0.32253003795823
"2421",0,0.380450157381284
"2422",1,0.25740828335834
"2423",0,0.14524028635269
"2424",0,0.101572067144998
"2425",1,0.487687810958735
"2426",1,0.593105050602038
"2427",0,0.413946748467635
"2428",1,0.643497058358767
"2429",1,0.449020917836984
"2430",0,0.825252649516728
"2431",1,0.397326068002755
"2432",1,0.484830970462384
"2433",1,0.76469088511051
"2434",0,0.755487833687457
"2435",1,0.668463059788274
"2436",1,0.750618013844788
"2437",0,0.492200415260587
"2438",0,0.362974449201534
"2439",1,0.716327563807778
"2440",0,0.347639022460989
"2441",1,0.387832996369573
"2442",1,0.700207853106237
"2443",1,0.836916163850646
"2444",0,0.251803949025801
"2445",0,0.531178743546792
"2446",1,0.648065494657357
"2447",1,0.63518573742342
"2448",1,0.715264019013724
"2449",1,0.777907398632926
"2450",0,0.510342703176059
"2451",0,0.344115320286713
"2452",0,0.553835383667637
"2453",0,0.283252138828586
"2454",0,0.158395346565523
"2455",1,0.493999310535703
"2456",0,0.483868637693534
"2457",1,0.486942670145903
"2458",1,0.530305955008451
"2459",1,0.764967249024909
"2460",0,0.606216606937592
"2461",1,0.569609995461131
"2462",0,0.638513290964684
"2463",0,0.607508427363266
"2464",1,0.489724657637636
"2465",1,0.681405047507004
"2466",0,0.356128772331686
"2467",0,0.394182961614244
"2468",0,0.674163310548457
"2469",1,0.348551599122752
"2470",0,0.453168053721172
"2471",0,0.339548791477691
"2472",0,0.339621817595349
"2473",0,0.450219785314034
"2474",1,0.647112530736519
"2475",1,0.273723895283757
"2476",1,0.392404305761827
"2477",0,0.492667722512327
"2478",1,0.624430059998891
"2479",0,0.28287689478152
"2480",1,0.554711072823099
"2481",0,0.261623182697127
"2482",1,0.510005187593614
"2483",0,0.505043546436659
"2484",1,0.60153000267244
"2485",1,0.349985065301248
"2486",0,0.666278960791809
"2487",1,0.476969160190244
"2488",0,0.365043443774944
"2489",0,0.313910560727536
"2490",1,0.579590930107952
"2491",0,0.634849063603632
"2492",1,0.583729617619376
"2493",1,0.377184830143703
"2494",1,0.542891377510023
"2495",1,0.564007281130288
"2496",0,0.465758641557388
"2497",1,0.459621364958127
"2498",1,0.767043846893467
"2499",0,0.430284062662594
"2500",1,0.752782526974785
"2501",1,0.337048601827011
"2502",1,0.394551255305923
"2503",1,0.191380903070018
"2504",0,0.179429053779792
"2505",1,0.22585167045765
"2506",0,0.470815568444801
"2507",1,0.392864184286108
"2508",1,0.556012454819455
"2509",0,0.600649335433178
"2510",1,0.508631946795322
"2511",0,0.221618724490921
"2512",1,0.652258790571217
"2513",1,0.487641539410713
"2514",1,0.529328159201105
"2515",1,0.663572994751987
"2516",1,0.530494790394676
"2517",1,0.642580781957252
"2518",0,0.440139515223307
"2519",1,0.272881213154664
"2520",0,0.317497558513644
"2521",0,0.609090408008853
"2522",1,0.482340722820065
"2523",1,0.401800916482887
"2524",1,0.21179245794882
"2525",0,0.190774458120164
"2526",0,0.620288336707996
"2527",1,0.33862494385081
"2528",1,0.532965728892663
"2529",1,0.106592705446408
"2530",1,0.758776848187481
"2531",1,0.229208687870374
"2532",1,0.644829194275615
"2533",1,0.630122894608921
"2534",0,0.394161072081215
"2535",0,0.506878765845377
"2536",0,0.607508427363266
"2537",1,0.688883546186059
"2538",0,0.343394719312529
"2539",0,0.594014618330945
"2540",1,0.704370340413624
"2541",1,0.515661291826748
"2542",1,0.408824527343252
"2543",1,0.550755623402806
"2544",1,0.44599617821879
"2545",0,0.217651188460074
"2546",0,0.195009631152803
"2547",0,0.340156645915238
"2548",0,0.243184757947734
"2549",0,0.708326528201351
"2550",0,0.213435836410373
"2551",1,0.647112530736519
"2552",1,0.696179129777669
"2553",1,0.34430645470269
"2554",1,0.40001655709061
"2555",0,0.654314179380138
"2556",0,0.407698964979974
"2557",0,0.783934096138885
"2558",1,0.303544233026491
"2559",0,0.340135661117957
"2560",0,0.441111736481601
"2561",0,0.810824450160256
"2562",0,0.115734561224148
"2563",0,0.404658359068575
"2564",1,0.506596175834166
"2565",1,0.535565306319993
"2566",0,0.219921684476922
"2567",1,0.41873807558075
"2568",0,0.213782027832123
"2569",1,0.627299466569149
"2570",1,0.392062026545099
"2571",1,0.720100465524958
"2572",0,0.484575849790975
"2573",0,0.426562398069756
"2574",0,0.572067847860371
"2575",1,0.662911912742002
"2576",0,0.0286478682014271
"2577",0,-0.0231424727297697
"2578",1,0.45148959014942
"2579",1,0.37461762678498
"2580",1,0.885328350411806
"2581",1,0.836916163850646
"2582",0,0.56381927698286
"2583",0,0.612231463544021
"2584",0,0.542850007069157
"2585",0,0.689294190055073
"2586",0,0.549529310552111
"2587",0,0.595407714776637
"2588",0,0.540052492846545
"2589",0,0.461973426341928
"2590",0,0.255128703979865
"2591",0,0.376938092952563
"2592",1,0.336916302747166
"2593",0,0.193187573044705
"2594",1,0.227447468855582
"2595",1,0.459781911195309
"2596",1,0.50819409775647
"2597",0,0.203275926881177
"2598",0,0.168221571615199
"2599",1,0.551754622299331
"2600",0,0.54178073915665
"2601",0,0.587173506310576
"2602",1,0.497433104398145
"2603",0,0.459781911195309
"2604",0,0.570148390226408
"2605",1,0.556264254291385
"2606",0,0.359562922891727
"2607",0,0.156656708592852
"2608",1,0.369317063802553
"2609",0,0.4378625857435
"2610",0,0.479828808044737
"2611",0,0.524468092888718
"2612",0,0.38018815674615
"2613",1,0.745504589972154
"2614",1,0.305021662758684
"2615",1,0.726078297772487
"2616",1,0.549624518828823
"2617",1,0.675510951763693
"2618",1,0.327559394869026
"2619",1,0.793340608333072
"2620",1,0.750603632830737
"2621",0,0.33953949103704
"2622",0,0.502430837188445
"2623",1,0.491640306285384
"2624",0,0.396633243928345
"2625",0,0.428148213695793
"2626",0,0.499851998579596
"2627",0,0.328067642264873
"2628",0,0.224044706467729
"2629",1,0.452622884989307
"2630",1,0.495150796187567
"2631",0,-0.00313852273364701
"2632",0,0.164894292828399
"2633",1,0.211546954819863
"2634",0,0.293590951988682
"2635",0,0.293925913841285
"2636",0,0.266127020906717
"2637",0,0.388336108178069
"2638",0,0.348853119594652
"2639",0,-0.0113541709347881
"2640",0,0.22470789642883
"2641",1,0.245491075247008
"2642",0,0.195628039976115
"2643",0,0.0112658791928536
"2644",0,0.28957320603837
"2645",0,0.549529310552111
"2646",1,0.788201424443652
"2647",1,0.767221044813688
"2648",1,0.454016546629038
"2649",0,0.548154438558503
"2650",1,0.57601787343773
"2651",0,0.38767245013239
"2652",0,0.347650659926993
"2653",0,0.186517212631434
"2654",0,0.216633758176359
"2655",0,0.446738609626407
"2656",0,0.584803640462472
"2657",1,0.717394499485136
"2658",1,0.668982312923976
"2659",0,0.241416745783429
"2660",1,0.544911845966587
"2661",0,0.821621509156441
"2662",1,0.362167297588796
"2663",0,0.321973323680212
"2664",1,0.664742638228221
"2665",1,0.777907398632926
"2666",1,0.664742638228221
"2667",1,0.28478698967524
"2668",1,0.250268447713484
"2669",0,0.392864184286108
"2670",0,0.768463786827689
"2671",0,0.823095838677012
"2672",1,0.559207319166076
"2673",1,0.548146512113083
"2674",0,0.371060113932636
"2675",0,0.404392786462458
"2676",0,0.301494764713382
"2677",1,0.632728481688985
"2678",1,0.584316295127825
"2679",1,0.613535124869225
"2680",1,0.653139228242478
"2681",1,0.759029405263084
"2682",0,0.320176526814008
"2683",0,0.550237556785426
"2684",0,0.494126730167716
"2685",1,0.376918578942215
"2686",1,0.376831318400557
"2687",1,0.236509114174426
"2688",0,0.449872713755298
"2689",1,0.586599631588729
"2690",1,0.591886545820245
"2691",0,0.424403662211538
"2692",0,0.0440632221925872
"2693",1,0.418291373808636
"2694",0,0.315729458462602
"2695",0,0.365305568777573
"2696",0,0.424422065998528
"2697",1,0.28487232752442
"2698",0,0.455578871891404
"2699",0,0.557475272429994
"2700",0,0.213930121314979
"2701",0,0.407771496299305
"2702",0,0.348880989835334
"2703",1,0.574581706643985
"2704",1,0.693392361450783
"2705",1,0.703523034292952
"2706",1,0.494311874577614
"2707",1,0.445899688016453
"2708",1,0.75712686404992
"2709",0,0.380543708927519
"2710",1,0.566552864312341
"2711",0,0.377790591293276
"2712",1,0.376673054787145
"2713",1,0.376390891945303
"2714",0,0.382981334351274
"2715",1,0.328515136207145
"2716",0,0.52544629983359
"2717",0,0.456754387593723
"2718",0,0.44918542378636
"2719",0,0.63518573742342
"2720",1,0.713029451647026
"2721",1,0.570518086741404
"2722",1,0.466395797792324
"2723",0,0.515319829880043
"2724",1,0.570033978636247
"2725",0,0.473185038411319
"2726",1,0.471821998776232
"2727",1,0.519439199219952
"2728",0,0.38432892414298
"2729",1,0.523434284484785
"2730",0,0.644539988470642
"2731",0,0.613535124869225
"2732",0,0.0673392857915329
"2733",1,0.193041357548652
"2734",0,0.196910518176603
"2735",0,0.295529070007522
"2736",0,0.302751329028383
"2737",0,0.190806284536392
"2738",1,0.647789213211649
"2739",0,0.500811258768181
"2740",0,0.455986069993129
"2741",1,0.35182943632756
"2742",0,0.706887342885846
"2743",1,0.291178544215765
"2744",1,0.518330831535566
"2745",0,0.806557121855488
"2746",1,0.478097433225612
"2747",1,0.699268078342734
"2748",1,0.66070819204984
"2749",0,0.663835460645982
"2750",0,0.465514165061731
"2751",0,0.45576072907088
"2752",1,0.355632835904304
"2753",0,0.514400744548144
"2754",1,0.770993946530868
"2755",1,0.708761434796073
"2756",1,0.530790664923393
"2757",0,0.062688856146636
"2758",0,0.0854755070954772
"2759",1,0.288134639896204
"2760",0,0.731743404327605
"2761",0,0.683331217766444
"2762",0,0.520648231002571
"2763",0,0.326260417102927
"2764",1,0.429082871316033
"2765",0,0.259716955773981
"2766",0,0.228576568182261
"2767",1,0.379044738896302
"2768",0,0.229502936764585
"2769",0,0.368723200574133
"2770",0,0.246237005313631
"2771",1,0.736760589060105
"2772",1,0.750603632830737
"2773",0,0.440139515223307
"2774",1,0.488551701784467
"2775",1,0.445699842969495
"2776",0,0.335004322956766
"2777",1,0.285804146396134
"2778",0,0.276740234185572
"2779",1,0.341612324955031
"2780",0,0.446372374701062
"2781",1,0.571541100732585
"2782",1,0.619953287293746
"2783",0,0.427587133513967
"2784",0,0.291479578342962
"2785",0,0.261346748118717
"2786",0,0.213878286742894
"2787",0,0.641212434929378
"2788",0,0.670964238034364
"2789",0,0.541212469956544
"2790",1,0.341914001807222
"2791",1,0.429830070740629
"2792",0,0.315342135000371
"2793",0,0.309161755679742
"2794",0,0.178248620038088
"2795",1,0.518239620690925
"2796",0,0.29697304011105
"2797",0,0.491482474672927
"2798",0,0.133199386013259
"2799",0,0.502723923449893
"2800",0,0.409672452044752
"2801",0,0.538661962320316
"2802",1,0.438000289155179
"2803",1,0.630256912457891
"2804",1,0.693241380836775
"2805",1,0.732201178111587
"2806",1,0.789198884216699
"2807",1,0.369585518084911
"2808",0,0.131234270297297
"2809",1,0.340628495178996
"2810",0,0.47398886237815
"2811",0,0.669304334920374
"2812",1,0.384682445049762
"2813",0,0.408465663096342
"2814",1,0.326575051963433
"2815",0,0.278162865402272
"2816",1,0.423700184458485
"2817",1,0.590487447456579
"2818",0,0.519367996286308
"2819",0,0.464032102145134
"2820",0,0.362759707566407
"2821",1,0.650855891781573
"2822",1,0.709120378611001
"2823",0,0.352222537398787
"2824",1,0.594168595396092
"2825",1,0.68407841719104
"2826",1,0.604424641380616
"2827",1,0.74897145777166
"2828",1,0.746696359602089
"2829",0,0.762010305654339
"2830",0,0.279751968216009
"2831",0,0.498846250842506
"2832",1,0.692741970284773
"2833",0,0.694181155600278
"2834",0,0.673390743258485
"2835",0,0.204374201192645
"2836",0,0.187641610224611
"2837",1,0.768772088596203
"2838",1,0.604727041681317
"2839",0,0.507251508774197
"2840",1,0.631777821493255
"2841",1,0.680190008054415
"2842",0,0.563732016441203
"2843",1,0.521621792075086
"2844",1,0.496373340065605
"2845",0,0.435703236387268
"2846",0,0.437596734517558
"2847",1,0.702191446269577
"2848",0,0.109707863718189
"2849",1,0.499634228264671
"2850",1,0.780613364672748
"2851",1,0.80948435691945
"2852",1,0.750603632830737
"2853",0,0.328659816450087
"2854",0,0.371731862364686
"2855",0,0.450546349917724
"2856",0,0.124890144934817
"2857",0,0.180023315664022
"2858",0,-0.0231424727297697
"2859",0,0.333933983818797
"2860",0,0.243723273278098
"2861",0,0.716965706332763
"2862",1,0.642642360933655
"2863",1,0.48837259615018
"2864",1,0.746830731113557
"2865",1,0.795242917674718
"2866",1,0.63945979624646
"2867",0,0.640309111026635
"2868",1,0.476331568334308
"2869",0,0.356246172507414
"2870",0,0.618272627898022
"2871",0,0.565238224839507
"2872",0,0.493500236266947
"2873",1,0.716875246349434
"2874",0,0.818315158704355
"2875",0,0.592793723402484
"2876",1,0.798998483439837
"2877",1,0.610360431270323
"2878",1,0.467249105265588
"2879",0,0.21343374665813
"2880",1,0.630225195491779
"2881",0,0.426634426828579
"2882",0,0.477580395726374
"2883",0,0.422766481476436
"2884",1,0.869370726644502
"2885",1,0.866260794000421
"2886",0,0.44679011641719
"2887",0,0.282281146656419
"2888",1,0.398643316292318
"2889",0,0.366734471091473
"2890",0,0.318322284530312
"2891",0,0.110055256021671
"2892",0,0.530752909381225
"2893",1,0.642580781957252
"2894",0,0.462258914042423
"2895",1,0.922174007588111
"2896",1,0.648102685440792
"2897",0,0.414224802928892
"2898",0,0.619569238525336
"2899",0,0.615160808190827
"2900",1,0.619995329651568
"2901",1,0.586442302699464
"2902",1,0.605887458991154
"2903",0,0.446032837931676
"2904",0,0.327915140553735
"2905",1,0.235197841806552
"2906",0,-0.00226600048195431
"2907",1,0.473722366355546
"2908",1,0.896384846743555
"2909",0,0.373524360549377
"2910",0,0.421936547110537
"2911",0,0.352964713016366
"2912",0,0.311099991779207
"2913",0,0.694791697769769
"2914",0,0.0996011408773202
"2915",0,0.385798653170206
"2916",0,0.173475850340021
"2917",0,0.151034055672073
"2918",1,0.68407841719104
"2919",1,0.563235627538351
"2920",1,0.594206168807012
"2921",1,0.563586117632346
"2922",1,0.540602434388787
"2923",1,0.389062064004654
"2924",0,0.666509639322589
"2925",0,0.463248711415859
"2926",1,0.589491623156011
"2927",0,0.545727924793373
"2928",1,0.63945979624646
"2929",0,0.513016255960279
"2930",0,0.428575470179205
"2931",0,0.519122685122031
"2932",0,0.664742638228221
"2933",1,0.348096008102908
"2934",1,0.175503455362504
"2935",1,0.130993235062588
"2936",0,0.515223464065029
"2937",0,0.586442302699464
"2938",1,0.446278341060633
"2939",1,0.713154824789381
"2940",0,0.696179129777669
"2941",0,0.424597273812785
"2942",0,0.551612200156273
"2943",0,0.503200013595112
"2944",1,0.392314401528095
"2945",1,0.361522120864107
"2946",0,0.252225054333473
"2947",0,0.23114232928822
"2948",1,0.564451123164873
"2949",0,0.277890753114249
"2950",1,0.417135387135293
"2951",1,0.417135387135293
"2952",1,0.424763729252539
"2953",0,0.624430059998891
"2954",0,0.426303177840305
"2955",0,0.301040418168353
"2956",0,0.307313292668727
"2957",1,0.497192419787455
"2958",0,0.373388934057538
"2959",1,0.50282732093141
"2960",1,0.634854489260625
"2961",0,0.235002491547057
"2962",1,0.869370726644502
"2963",0,0.453168053721172
"2964",0,0.442687114447322
"2965",0,0.492667722512327
"2966",0,0.198432150660012
"2967",1,0.795242917674718
"2968",0,0.703637665622102
"2969",0,0.680568851831418
"2970",0,-0.0132704213923209
"2971",0,0.576544784247363
"2972",1,0.682984886250393
"2973",0,0.456694424016731
"2974",0,0.406660180883996
"2975",0,0.624978556697325
"2976",1,0.675012625328632
"2977",1,0.723424811889792
"2978",1,0.843191980209738
"2979",1,0.853902372739291
"2980",1,0.699952031494849
"2981",0,0.468474632599624
"2982",1,0.516886819160784
"2983",1,0.716965706332763
"2984",0,0.510990446042627
"2985",0,0.466100715322916
"2986",1,0.434823491387051
"2987",0,0.597579973142212
"2988",0,0.703014605684626
"2989",1,0.665916623304237
"2990",1,0.276988754743422
"2991",1,0.765950764554678
"2992",1,0.862954443548336
"2993",0,0.130362775932934
"2994",1,0.53720544105275
"2995",1,0.604676440852545
"2996",0,0.616068907205859
"2997",0,0.31158874729354
"2998",0,0.243891597678548
"2999",1,0.480962783200776
"3000",0,0.529374969761937
"3001",0,0.476969160190244
"3002",1,0.472422495298282
"3003",0,0.614499726180842
"3004",1,0.801162337242683
"3005",1,0.776840462955568
"3006",1,0.532778126855581
"3007",0,0.359082719790764
"3008",1,0.347951548672744
"3009",0,0.155779246434004
"3010",1,0.71091824563579
"3011",1,0.662506059074629
"3012",0,0.309694573294224
"3013",0,0.391019096433224
"3014",0,0.683477493588998
"3015",0,0.72078431938546
"3016",1,0.227649094668108
"3017",0,0.26659000808026
"3018",0,0.594269739002355
"3019",1,0.67678283359943
"3020",0,0.509873846656774
"3021",0,0.728601754717412
"3022",1,0.55959045423645
"3023",0,0.245209696876975
"3024",1,0.678785527045811
"3025",1,0.849755834132744
"3026",1,0.353746440587072
"3027",1,0.767221044813688
"3028",1,0.815633231374848
"3029",1,0.487147325976369
"3030",0,0.729451509395751
"3031",0,0.221288118809194
"3032",0,0.537486446617997
"3033",1,0.456308145243047
"3034",1,0.477648286283083
"3035",0,0.48566667016447
"3036",0,0.30722603212707
"3037",0,0.462675537981207
"3038",0,0.413094042804156
"3039",0,0.364681856242995
"3040",0,0.668982312923976
"3041",1,0.440453754621673
"3042",0,0.614726829266057
"3043",0,0.315635427081748
"3044",0,0.323435952902181
"3045",0,0.333172480249328
"3046",0,0.372099673433596
"3047",1,0.316441737697525
"3048",0,0.236509114174426
"3049",1,0.700681448159939
"3050",1,0.631853504891777
"3051",0,0.630786569214419
"3052",0,0.26744464855832
"3053",1,0.500811258768181
"3054",1,0.472422495298282
"3055",1,0.616525353967245
"3056",1,0.497315738232212
"3057",0,0.513408392795798
"3058",0,0.190940738413159
"3059",0,0.391987714758966
"3060",0,0.23729386240612
"3061",0,0.628839632654196
"3062",0,0.658173748927039
"3063",0,0.663572994751987
"3064",1,0.679568420552973
"3065",0,0.485802841483317
"3066",1,0.795242917674718
"3067",1,0.516886819160784
"3068",0,0.567950785018184
"3069",0,0.595568716768454
"3070",0,0.330786471349007
"3071",0,0.296440113090438
"3072",0,0.619466002943278
"3073",0,0.172018716550996
"3074",0,-0.0346168297085999
"3075",1,0.664742638228221
"3076",0,0.594206168807012
"3077",1,0.399695028727851
"3078",0,0.243508826190097
"3079",0,0.459895143029155
"3080",1,0.388296269813454
"3081",0,0.385859475553272
"3082",1,0.642618355368172
"3083",0,0.48657799461666
"3084",0,0.571004303066318
"3085",0,0.207725079891517
"3086",1,0.662911912742002
"3087",0,0.635666230629879
"3088",0,0.343425494426665
"3089",0,0.384037155167392
"3090",1,0.561357455330818
"3091",0,0.550755623402806
"3092",0,0.34430645470269
"3093",1,0.449872713755298
"3094",1,0.482404936911913
"3095",1,0.418674234738753
"3096",0,0.152721943480039
"3097",1,0.558376843351902
"3098",0,0.271251197150835
"3099",0,0.215701674730343
"3100",0,0.293345480095341
"3101",1,0.544278159576283
"3102",1,0.512198782374722
"3103",0,0.410846051356439
"3104",0,0.132297815091351
"3105",0,0.389727017467624
"3106",1,0.501580240282332
"3107",1,0.519078030960162
"3108",0,0.184863651920605
"3109",1,0.766593194452155
"3110",1,0.50819409775647
"3111",0,0.604676440852545
"3112",0,0.56381927698286
"3113",1,0.66070819204984
"3114",1,0.689624621490538
"3115",1,0.265190852769542
"3116",0,0.165369841270963
"3117",0,0.239957886307089
"3118",1,0.217651188460074
"3119",0,0.177271516901785
"3120",0,0.214862904625368
"3121",1,0.821042549546837
"3122",1,0.773241039561392
"3123",0,0.16717255300412
"3124",1,0.827527208496522
"3125",0,0.209537447570723
"3126",0,0.569263520103641
"3127",0,0.467376304166822
"3128",0,0.256349015328417
"3129",1,0.495045521014886
"3130",1,0.548088922442515
"3131",0,0.495045521014886
"3132",0,0.309375290293824
"3133",1,0.327870029397537
"3134",0,0.366147752848588
"3135",0,0.373902692057283
"3136",1,0.739294811294904
"3137",0,0.291127304475879
"3138",0,0.257015113597026
"3139",0,0.744791161385788
"3140",1,0.466556153744358
"3141",0,0.40736826119672
"3142",1,0.625751123987297
"3143",1,0.658454396261061
"3144",1,0.685252546855013
"3145",1,0.774490484333648
"3146",1,0.750586296878676
"3147",0,0.669262985233595
"3148",0,0.441067341134542
"3149",0,0.341231899645557
"3150",1,0.100548290955758
"3151",0,0.343394719312529
"3152",0,0.331607035765552
"3153",0,0.574934702197155
"3154",1,0.240722286724583
"3155",1,0.18934963262553
"3156",0,0.199810087499126
"3157",1,0.249283907568003
"3158",0,0.36105042468698
"3159",1,0.781399873904085
"3160",1,0.795242917674718
"3161",0,0.383618900255709
"3162",1,0.546801912800349
"3163",0,0.424763729252539
"3164",0,0.382481321183236
"3165",1,0.693392361450783
"3166",1,0.762553365628837
"3167",1,0.468474632599624
"3168",1,0.61396863214561
"3169",1,0.557792579476902
"3170",1,0.466040804399231
"3171",0,0.506878765845377
"3172",0,0.323740407900479
"3173",1,0.469879690271498
"3174",0,0.724266806645394
"3175",0,0.326260417102927
"3176",0,0.332422392636567
"3177",0,0.373599918569558
"3178",0,0.664937540528406
"3179",1,0.63518573742342
"3180",1,0.836916163850646
"3181",0,0.082834140086355
"3182",0,0.363494279320783
"3183",1,0.618776745525766
"3184",1,0.641212434929378
"3185",1,0.653139228242478
"3186",1,0.224503756110918
"3187",1,0.566794203096426
"3188",1,0.601386064483952
"3189",1,0.668982312923976
"3190",0,0.568903256175397
"3191",0,0.644329783723612
"3192",0,0.504516794163895
"3193",0,0.69661396490213
"3194",0,0.589028971608508
"3195",1,0.552394113254258
"3196",0,0.159466641716406
"3197",1,0.607508427363266
"3198",1,0.635666230629879
"3199",0,0.297509948520148
"3200",1,0.741253249746111
"3201",0,0.196649111290108
"3202",1,0.483424355598101
"3203",1,0.187406432626354
"3204",1,0.540726435465377
"3205",1,0.335677115848996
"3206",0,0.412773192088746
"3207",1,0.446813913085764
"3208",0,0.204316677571675
"3209",1,0.56308860613455
"3210",0,0.463146153034725
"3211",1,0.630660807591889
"3212",1,0.652641925641591
"3213",1,0.67678283359943
"3214",1,0.674542237451359
"3215",1,0.726078297772487
"3216",0,0.551286862085727
"3217",0,0.657668108743205
"3218",1,0.694974934539667
"3219",0,0.308874998335026
"3220",1,0.345515542519002
"3221",1,0.402735812268069
"3222",1,0.75259017252388
"3223",0,0.680505360520818
"3224",1,0.76469088511051
"3225",1,0.693241380836775
"3226",1,0.723424811889792
"3227",1,0.510385612903088
"3228",1,0.475867070941332
"3229",0,0.0209406032363192
"3230",1,0.410456022086177
"3231",0,0.299108223038073
"3232",0,0.488275013330446
"3233",0,0.48087823322627
"3234",0,0.635126732300559
"3235",1,0.5401899053927
"3236",0,0.385859475553272
"3237",0,0.366147752848588
"3238",1,0.644329783723612
"3239",1,0.66824079012632
"3240",0,0.455594956262958
"3241",1,0.331665870599717
"3242",1,0.634914327239309
"3243",0,0.623586181942651
"3244",1,0.396062846488153
"3245",0,0.438000289155179
"3246",0,0.306749904461421
"3247",0,0.33300935771223
"3248",0,0.250322317822459
"3249",0,0.776403264702856
"3250",1,0.615160808190827
"3251",1,0.652258790571217
"3252",0,0.174678613303318
"3253",1,0.669304334920374
"3254",1,0.659847002887253
"3255",0,0.623787075177296
"3256",0,0.316171871262485
"3257",0,0.0370633205343168
"3258",0,0.189783920863631
"3259",0,0.239818967619602
"3260",0,0.297702427329771
"3261",0,0.283195168432765
"3262",0,0.573529155108069
"3263",1,0.458926300072163
"3264",0,0.358826629550311
"3265",0,0.513016255960279
"3266",0,0.356870215561323
"3267",0,0.409366018742442
"3268",0,0.673478917498177
"3269",0,0.702813033771019
"3270",0,0.680190008054415
"3271",1,0.631777821493255
"3272",1,0.535754041650691
"3273",1,0.582044570943689
"3274",1,0.249446370677665
"3275",0,0.445838923446472
"3276",1,0.35142423767645
"3277",1,0.500549258133047
"3278",0,0.538187445027569
"3279",0,0.569860441336861
"3280",0,0.569011126556686
"3281",0,0.449959372487171
"3282",1,0.497315738232212
"3283",0,0.577237735768592
"3284",0,0.466238530201832
"3285",0,0.471178668037597
"3286",0,0.222096818612102
"3287",0,0.470111732360239
"3288",0,0.0819483147886205
"3289",1,0.159312073803901
"3290",1,0.529374969761937
"3291",1,0.757802259556565
"3292",1,0.69661396490213
"3293",0,0.709120378611001
"3294",0,0.670769335734179
"3295",0,0.162486540470485
"3296",0,0.17960909522174
"3297",0,0.433277942657066
"3298",0,0.214226286149213
"3299",1,0.680190008054415
"3300",1,0.68103932283459
"3301",1,0.621941341669229
"3302",0,0.342057630934916
"3303",0,0.607755677046082
"3304",0,0.51769738801611
"3305",1,0.432195787658761
"3306",1,0.392173997453364
"3307",0,0.286537087270883
"3308",1,0.236185710767189
"3309",0,0.707950887679899
"3310",0,0.684046700224928
"3311",1,0.403701829838229
"3312",1,0.384155692776997
"3313",1,0.329444638261958
"3314",0,0.600317597282612
"3315",0,0.411488635430778
"3316",1,0.459900821991938
"3317",0,0.473535022207509
"3318",0,0.504539885808927
"3319",0,0.593776461956604
"3320",1,0.632728481688985
"3321",1,0.580339271853344
"3322",0,0.582044570943689
"3323",1,0.660252263285851
"3324",1,0.545691866890272
"3325",0,0.512367380302088
"3326",0,0.435651353432558
"3327",1,0.657668108743205
"3328",0,0.717394499485136
"3329",1,0.761604991176743
"3330",1,0.700207853106237
"3331",0,0.245027966953539
"3332",0,0.348170456538412
"3333",0,0.170946408940374
"3334",1,0.219358595501535
"3335",1,0.519162481643055
"3336",0,0.545290627249048
"3337",1,0.376336220025664
"3338",1,0.491870362157124
"3339",0,0.282569239994334
"3340",0,0.241599759605866
"3341",0,0.504398256554289
"3342",1,0.684815348602301
"3343",0,0.244305274454048
"3344",0,0.397246999159813
"3345",1,0.17292680783127
"3346",1,0.524178887083745
"3347",1,0.511416720106358
"3348",0,0.314901695840984
"3349",1,0.490480673300097
"3350",1,0.529328159201105
"3351",0,0.36818376486482
"3352",1,0.48745237798669
"3353",0,0.739930339912233
"3354",1,0.622552051473204
"3355",0,0.204681626292979
"3356",1,0.616068907205859
"3357",1,0.68481222455177
"3358",1,0.490223620394031
"3359",0,0.279795200460071
"3360",0,0.410846051356439
"3361",0,0.818080169452331
"3362",0,0.59019292571781
"3363",1,0.528132597686202
"3364",1,0.474057071788492
"3365",0,0.472521848450218
"3366",0,0.424109661889058
"3367",0,0.076901210365503
"3368",0,0.380981076047273
"3369",0,0.590101104403524
"3370",1,0.454295085205694
"3371",1,0.425660818606838
"3372",0,0.254177534207132
"3373",0,0.29858503615004
"3374",1,0.213800750608641
"3375",0,0.437988905083322
"3376",0,0.463146153034725
"3377",1,0.85620503296102
"3378",1,0.421424405972762
"3379",0,0.557638897662231
"3380",1,0.398707363786154
"3381",0,0.398631661562616
"3382",0,0.167514262858262
"3383",1,0.487641539410713
"3384",1,0.482404936911913
"3385",0,0.269085371952484
"3386",0,0.491406406892186
"3387",0,0.769902972143195
"3388",0,0.640613262011033
"3389",0,0.266254397563595
"3390",1,0.572583362244277
"3391",0,0.702677740826757
"3392",1,0.549566883963031
"3393",1,0.489823888687287
"3394",0,0.538187445027569
"3395",0,0.477307923924689
"3396",0,0.392699621339297
"3397",0,0.642867057799811
"3398",1,0.694974934539667
"3399",0,0.486129948228483
"3400",1,0.423123092753783
"3401",1,0.414737639144793
"3402",0,0.521440907798669
"3403",0,0.531688176302082
"3404",0,0.0995506291047793
"3405",1,0.663776455523122
"3406",0,0.388096433307506
"3407",0,0.357565654276859
"3408",0,0.305182096510986
"3409",1,0.405727822131657
"3410",1,0.355872236749124
"3411",1,0.595568716768454
"3412",1,0.526517767120195
"3413",1,0.50264225827194
"3414",0,0.317415893335691
"3415",0,0.611451070253709
"3416",1,0.607266032119126
"3417",0,0.825446824967392
"3418",1,0.901290818459749
"3419",1,0.860150339269389
"3420",0,0.437659967332416
"3421",0,0.541785507359659
"3422",0,0.553393478118031
"3423",1,0.445899688016453
"3424",0,0.202197166580057
"3425",1,0.458183989273006
"3426",0,0.696179129777669
"3427",1,0.74459131633883
"3428",0,0.245186757391974
"3429",1,0.138344666339634
"3430",0,0.352884262762585
"3431",0,0.304472076201425
"3432",0,0.6835375316105
"3433",0,0.474499623519126
"3434",1,0.417581754209749
"3435",1,0.472295902965954
"3436",0,0.512641822979876
"3437",0,0.431251098769376
"3438",0,0.318462533279673
"3439",1,0.579745740394746
"3440",0,0.337501653891212
"3441",0,0.343649839983939
"3442",1,0.5513271775769
"3443",1,0.529974548308789
"3444",0,0.624198497985821
"3445",0,0.390580847825204
"3446",0,0.448845334654631
"3447",1,0.595966462420881
"3448",0,0.198144376507335
"3449",0,0.167839362579904
"3450",1,0.604522129208591
"3451",1,0.641212434929378
"3452",1,0.661947311430385
"3453",1,0.452399072207021
"3454",1,0.435262797227881
"3455",1,0.479633639457904
"3456",0,0.436802839084422
"3457",1,0.417963149756911
"3458",1,0.772619891958114
"3459",1,0.792802931003511
"3460",0,0.590487447456579
"3461",0,0.499676735881354
"3462",0,0.298680634274644
"3463",0,0.405882898644534
"3464",1,0.252987283212407
"3465",1,0.304607777820545
"3466",0,0.333933983818797
"3467",0,0.290153012124105
"3468",0,0.520851333542481
"3469",1,0.728601754717412
"3470",0,0.680189568156251
"3471",0,0.381881731654119
"3472",0,0.394607238918622
"3473",0,0.336916302747166
"3474",1,0.401496692887525
"3475",0,0.504609307977005
"3476",1,0.59592998900465
"3477",1,0.301398005259691
"3478",0,0.398959245742268
"3479",1,0.13519812688897
"3480",0,0.210086292852358
"3481",1,0.504772361742448
"3482",0,0.244082639117415
"3483",0,0.00839097288633558
"3484",0,0.795242917674718
"3485",0,0.598700344175359
"3486",0,0.61396863214561
"3487",0,0.496847981717071
"3488",1,0.482999995199665
"3489",1,0.391744320387376
"3490",1,0.731743404327605
"3491",1,0.735725370348859
"3492",1,0.259484857470157
"3493",0,0.213930121314979
"3494",0,0.143406077501837
"3495",1,0.750586296878676
"3496",0,0.391837680987825
"3497",0,0.305005124817162
"3498",0,0.221618993413766
"3499",1,0.367259155565681
"3500",0,0.596127801909482
"3501",0,0.503980001642606
"3502",1,0.79599423010003
"3503",1,0.716875246349434
"3504",1,0.679568420552973
"3505",1,0.645340981750892
"3506",0,0.244130936575855
"3507",1,0.716555062463749
"3508",1,0.471027012658792
"3509",1,0.691204646730142
"3510",1,0.66244144173883
"3511",0,0.371045305505289
"3512",1,0.64219226424194
"3513",0,0.0370669932055444
"3514",0,0.508395105543407
"3515",0,0.477390241941989
"3516",0,0.335922618977954
"3517",1,0.631777821493255
"3518",0,0.176680485866014
"3519",0,0.327870029397537
"3520",1,0.331231421239586
"3521",0,0.694188671171928
"3522",0,0.196273837038104
"3523",1,0.260559637903074
"3524",0,0.604676440852545
"3525",1,0.384285559196452
"3526",0,0.568702216069107
"3527",1,0.495045521014886
"3528",1,0.525802428503149
"3529",1,0.588062822469718
"3530",0,0.563732016441203
"3531",0,0.548918075015981
"3532",0,0.645175077189808
"3533",1,0.913978073634369
"3534",0,0.598649743346587
"3535",0,0.373902692057283
"3536",0,0.367875994551324
"3537",1,0.54475757863331
"3538",0,0.509612506423339
"3539",1,0.612907012402048
"3540",1,0.750603632830737
"3541",1,0.785776587272483
"3542",1,0.499742251997343
"3543",0,0.475046613389739
"3544",1,0.426634426828579
"3545",1,0.564403764873253
"3546",0,0.636158150585828
"3547",1,0.590101104403524
"3548",1,0.657048301278503
"3549",1,0.692741970284773
"3550",0,0.910205171917189
"3551",0,0.958617358478349
"3552",1,0.902535828324591
"3553",1,0.807792846399859
"3554",0,0.20979163282062
"3555",1,0.320229854921771
"3556",0,0.455777158998101
"3557",1,0.2949121543165
"3558",1,0.324283031611429
"3559",1,0.670964238034364
"3560",1,0.604727041681317
"3561",0,0.322232394714338
"3562",1,0.595969853304185
"3563",0,0.328395051126468
"3564",0,0.447989251920663
"3565",1,0.622552051473204
"3566",1,0.670964238034364
"3567",1,0.84449390513912
"3568",1,0.217651188460074
"3569",1,0.419914964098046
"3570",0,0.288643031059612
"3571",1,0.512103170792496
"3572",0,0.45576072907088
"3573",1,0.340169527943443
"3574",0,0.479047021617763
"3575",0,0.200570412032994
"3576",0,0.222338390753121
"3577",1,0.815426495909892
"3578",0,0.401460527194138
"3579",0,0.604676440852545
"3580",0,0.329511612368401
"3581",0,0.0508217191174626
"3582",0,0.543477390927283
"3583",0,0.569887699375118
"3584",0,0.39434990746744
"3585",0,0.6723721328243
"3586",0,0.648449061506668
"3587",0,0.64219226424194
"3588",0,0.62646962972666
"3589",0,0.4177757428119
"3590",1,0.417826343640672
"3591",0,0.236754617303383
"3592",0,0.268888709478133
"3593",0,0.00576651452091691
"3594",0,0.0360309851637588
"3595",0,0.497667003791343
"3596",1,0.525465896725911
"3597",1,0.511303835508034
"3598",1,0.784228016893347
"3599",0,0.455148392678958
"3600",0,0.4177757428119
"3601",0,0.317378092131355
"3602",0,0.240527519020563
"3603",0,0.53903533612565
"3604",1,0.463149825705953
"3605",1,0.512769635569548
"3606",0,0.548101958401377
"3607",0,0.55345573299782
"3608",0,0.613535124869225
"3609",0,0.538565612237159
"3610",1,0.476068804544144
"3611",1,0.775929669649153
"3612",1,0.468002538135895
"3613",1,0.333686941403677
"3614",1,0.671688278963797
"3615",0,0.238074951719745
"3616",0,0.438860312093538
"3617",0,0.325444735667334
"3618",0,0.491406514682473
"3619",1,0.476310410415409
"3620",0,0.761917837011508
"3621",0,0.669501894223696
"3622",1,0.350338941383744
"3623",0,0.386488122293614
"3624",1,0.389632377270452
"3625",1,0.354323625706909
"3626",0,0.376789055015743
"3627",0,0.264140845720598
"3628",0,0.318854994476803
"3629",1,0.479539593698755
"3630",0,0.466395797792324
"3631",1,0.583036639368104
"3632",1,0.534624452806943
"3633",0,0.60153000267244
"3634",0,0.570724984117981
"3635",1,0.192029994610222
"3636",0,0.54178073915665
"3637",1,0.58326443327455
"3638",0,0.387721199970711
"3639",0,0.105751156828036
"3640",0,0.188745873880615
"3641",0,0.801766148893901
"3642",1,0.81310307167167
"3643",1,0.473009460373945
"3644",0,0.324052934112235
"3645",0,0.279320679118526
"3646",0,0.39517804749634
"3647",1,0.709120378611001
"3648",1,0.482006913882785
"3649",0,0.516724836620802
"3650",0,0.468312650059642
"3651",0,0.510005187593614
"3652",0,0.459621364958127
"3653",0,0.405245742409598
"3654",1,0.497192419787455
"3655",1,0.442687114447322
"3656",1,0.723367213228591
"3657",1,0.511416720106358
"3658",0,0.749418682148538
"3659",0,0.435703236387268
"3660",0,0.443032864035161
"3661",1,0.782867160461526
"3662",0,0.513096394333786
"3663",1,0.229993490408041
"3664",0,0.592112005632605
"3665",1,0.655920613924426
"3666",1,0.334787291292061
"3667",0,0.412231050067351
"3668",1,0.245786651461691
"3669",1,0.482788826980771
"3670",0,0.391494325703284
"3671",1,0.309758934679878
"3672",0,0.563917160851101
"3673",1,0.274048524664388
"3674",0,0.315495559069404
"3675",0,0.566343102053256
"3676",0,0.470942462684286
"3677",0,0.368300011456686
"3678",0,0.238761519185878
"3679",1,0.842942861356604
"3680",0,0.722624160558754
"3681",0,0.674211973997594
"3682",1,0.571583143090408
"3683",1,0.627968039175188
"3684",0,0.36118878852854
"3685",0,0.32253003795823
"3686",1,0.316503340452272
"3687",0,0.586599631588729
"3688",1,0.502462561586884
"3689",1,0.839058306724954
"3690",1,0.847262578261644
"3691",1,0.647112530736519
"3692",1,0.508601993331079
"3693",1,0.649198781554983
"3694",1,0.702205827283628
"3695",1,0.674542237451359
"3696",1,0.513926351622891
"3697",1,0.583710786663018
"3698",0,0.252334116785692
"3699",0,0.203921930224532
"3700",0,0.557705318935245
"3701",1,0.480915972639944
"3702",0,0.491429401261171
"3703",0,-0.0128606315042644
"3704",1,0.414458253720231
"3705",1,0.490538972860434
"3706",1,0.425238122177791
"3707",1,0.483084922175075
"3708",1,0.366790823312604
"3709",1,0.3653059799151
"3710",0,0.478097433225612
"3711",0,0.163163760005282
"3712",0,0.213212371562261
"3713",1,0.503204770934708
"3714",0,0.397374555542017
"3715",0,0.320066975473116
"3716",1,0.923913844176353
"3717",1,0.612114648872615
"3718",1,0.610603530169022
"3719",1,0.562191343607861
"3720",0,0.365057982886735
"3721",0,0.328067642264873
"3722",0,0.421419637769752
"3723",0,0.44967287724935
"3724",1,0.713102344632255
"3725",1,0.739387279937735
"3726",1,0.637355820320487
"3727",1,0.310155418422843
"3728",1,0.553991974640439
"3729",0,0.332870439024743
"3730",0,0.503553910516374
"3731",0,0.595969853304185
"3732",0,0.393298045614166
"3733",0,0.23804909456951
"3734",1,0.348311628195462
"3735",0,0.571864338004791
"3736",0,0.726078297772487
"3737",0,0.750817858891746
"3738",0,0.515504974289941
"3739",0,0.362352995238502
"3740",1,0.604676440852545
"3741",0,0.479633639457904
"3742",1,0.476427668791054
"3743",1,0.793340608333072
"3744",1,0.525255600422027
"3745",1,0.550548372363732
"3746",0,0.265632080896471
"3747",0,0.147961003628879
"3748",0,0.339621817595349
"3749",1,0.371462054861055
"3750",1,0.428534765645758
"3751",1,0.150339247099252
"3752",0,0.442891139345127
"3753",1,0.535354856707063
"3754",0,0.29863142339772
"3755",0,0.129475773189547
"3756",0,0.195438669655182
"3757",1,0.159312073803901
"3758",0,0.341715783735321
"3759",0,-0.00689513977150667
"3760",0,0.184660561371787
"3761",0,0.207526325528863
"3762",0,-0.0342084004332379
"3763",0,0.0109978154610727
"3764",1,0.301409194793806
"3765",0,0.345571477736912
"3766",0,0.48436594029442
"3767",1,0.572751701720874
"3768",1,0.723424811889792
"3769",1,0.623915011903271
"3770",0,0.167763758680308
"3771",0,-0.0369005933388727
"3772",0,0.376789055015743
"3773",0,0.237372717625023
"3774",0,0.180928016060991
"3775",0,0.322326013060425
"3776",0,0.300399798658412
"3777",1,0.419590351574735
"3778",0,0.241021431101143
"3779",1,0.55380220916156
"3780",0,0.319125723240774
"3781",0,0.843191980209738
"3782",1,0.773977970972653
"3783",0,0.412496561226155
"3784",0,0.331128488762523
"3785",0,0.418674234738753
"3786",0,0.394618215591747
"3787",0,0.443030402152907
"3788",1,0.759029405263084
"3789",1,0.683185411770727
"3790",0,0.281180518793992
"3791",0,0.183755649149621
"3792",1,0.468000123847886
"3793",1,0.512198782374722
"3794",0,0.628751458414504
"3795",0,0.20750892801064
"3796",0,0.494251642782621
"3797",0,0.270047704721334
"3798",0,0.428148213695793
"3799",0,0.435615975845611
"3800",0,0.343951461309597
"3801",1,0.623238904660457
"3802",1,0.774798786102162
"3803",0,0.300041972105257
"3804",0,0.182233733128642
"3805",1,0.516038936603712
"3806",1,0.317333285085047
"3807",0,0.0730880371641313
"3808",0,0.212856002742874
"3809",1,0.650855891781573
"3810",0,0.574585507069962
"3811",0,0.0720070948518545
"3812",1,0.575649051864016
"3813",0,0.300070555806924
"3814",0,0.544046597563213
"3815",1,0.77358669393625
"3816",1,0.889012072204862
"3817",0,0.369993593069756
"3818",0,0.589963400991845
"3819",1,0.603361096586562
"3820",0,0.410323090968641
"3821",0,0.161154978095782
"3822",1,0.668463059788274
"3823",1,0.80960653386889
"3824",0,0.561517682841614
"3825",1,0.579947989449547
"3826",0,0.563123195415498
"3827",0,0.491303325906288
"3828",1,0.44585160688302
"3829",1,0.656737070243172
"3830",0,0.510385612903088
"3831",0,0.453231540411641
"3832",0,0.400396982400084
"3833",0,0.405581896963517
"3834",0,0.392735292946889
"3835",0,0.0152900369062449
"3836",0,0.295248637985198
"3837",0,0.486821871596038
"3838",0,0.262723810559554
"3839",1,0.231444866155272
"3840",0,0.203275926881177
"3841",1,0.339920248945681
"3842",0,0.276542318472982
"3843",1,0.301764108369045
"3844",1,0.608490434734116
"3845",0,0.62308502483679
"3846",1,0.546995528215476
"3847",1,0.360186165366829
"3848",1,0.406645441757571
"3849",0,0.200050411426511
"3850",1,0.366048520143269
"3851",1,0.414460706704429
"3852",0,0.500912800467917
"3853",0,0.244581555899756
"3854",1,0.404609609230253
"3855",1,0.475046613389739
"3856",0,0.820568954493134
"3857",0,0.85620503296102
"3858",1,0.601804445350228
"3859",0,0.420403073492154
"3860",0,0.458926300072163
"3861",0,0.55380220916156
"3862",0,0.074831216388148
"3863",0,0.0998418254880103
"3864",0,0.251923738418353
"3865",0,0.701892899781923
"3866",0,0.499225111765952
"3867",0,0.57601787343773
"3868",0,0.55380220916156
"3869",1,0.749009625257605
"3870",1,0.745899692613524
"3871",0,0.329214118319834
"3872",0,0.609963134279485
"3873",1,0.604936951177872
"3874",0,0.228276657828098
"3875",0,0.468815260053315
"3876",0,0.425660818606838
"3877",0,0.545691866890272
"3878",1,0.603260518944904
"3879",0,0.474491111678679
"3880",0,0.382481321183236
"3881",0,0.360435661188875
"3882",0,0.401260690688189
"3883",0,0.42025150043485
"3884",1,0.511174727501071
"3885",1,0.513926351622891
"3886",1,0.702205827283628
"3887",0,0.701006495587378
"3888",1,0.380303593175198
"3889",1,0.4209785088921
"3890",0,0.411557836571864
"3891",0,0.427674394055625
"3892",1,0.459864463856826
"3893",1,0.66824079012632
"3894",1,0.524468092888718
"3895",1,0.240581510732639
"3896",0,0.12631128075385
"3897",0,0.14255046637869
"3898",1,0.592657004352851
"3899",1,0.550755623402806
"3900",1,0.446732687605662
"3901",1,0.494445024492836
"3902",1,0.539953558730597
"3903",1,0.404504757370723
"3904",0,0.597979070524192
"3905",0,0.569263520103641
"3906",1,0.561428442521439
"3907",1,0.758144935294328
"3908",1,0.752074535112354
"3909",0,0.45890647833897
"3910",0,0.43029391821528
"3911",1,0.337167014019634
"3912",1,0.646232093065258
"3913",1,0.554651523941735
"3914",0,0.358395191962652
"3915",1,0.579590930107952
"3916",1,0.645175077189808
"3917",1,0.502462561586884
"3918",1,0.235002491547057
"3919",1,0.502167400250511
"3920",0,0.602848544823589
"3921",0,0.543474359259085
"3922",0,0.57693684702284
"3923",0,0.405581896963517
"3924",0,0.404464360457387
"3925",0,0.530229963504894
"3926",0,0.374329426234896
"3927",0,0.548918075015981
"3928",0,0.528825549207432
"3929",0,0.608585513888571
"3930",0,0.455986069993129
"3931",0,0.491303325906288
"3932",1,0.638513290964684
"3933",1,0.564174680045453
"3934",0,0.128368776697169
"3935",0,0.584166228211851
"3936",0,0.419618187721374
"3937",0,0.330400868623381
"3938",0,0.0707213711495072
"3939",1,0.463248711415859
"3940",1,0.693548275282391
"3941",1,0.749989304175195
"3942",0,0.463766358354703
"3943",0,0.431127407137594
"3944",0,0.403423434964022
"3945",0,0.281401102659432
"3946",0,0.509761793222023
"3947",1,0.524722596976569
"3948",0,0.52119780889997
"3949",1,0.628839632654196
"3950",1,0.748701323489091
"3951",1,0.717914080784857
"3952",0,0.131892077250463
"3953",0,0.512105421774273
"3954",0,0.252155727600791
"3955",1,0.71918152229534
"3956",0,0.664811674234368
"3957",0,0.728116778432979
"3958",1,0.868981141054294
"3959",0,0.735521909577724
"3960",1,0.339260263571229
"3961",1,0.431712866071926
"3962",0,0.43727347957189
"3963",0,0.390295314691459
"3964",0,0.53903533612565
"3965",0,0.48029815302271
"3966",0,0.355725479229888
"3967",0,0.157314469772278
"3968",1,0.712247647207142
"3969",1,0.596290812699791
"3970",1,0.546801912800349
"3971",1,0.729454633446282
"3972",1,0.180710001652511
"3973",0,0.0138455305119643
"3974",1,0.176645161293985
"3975",1,0.359402064950256
"3976",1,0.77320932259528
"3977",1,0.834188773833643
"3978",1,0.561178149459481
"3979",0,0.375287997897325
"3980",1,0.510141131262452
"3981",0,0.265190852769542
"3982",0,0.297052755129069
"3983",1,0.487641539410713
"3984",0,0.339177834309107
"3985",1,0.601401424943436
"3986",0,0.564174680045453
"3987",0,0.724828853000232
"3988",0,0.762553365628837
"3989",0,0.532280824254694
"3990",1,0.490373237822936
"3991",1,0.502167400250511
"3992",0,0.471027012658792
"3993",0,0.353695970401595
"3994",1,0.347102784561618
"3995",1,0.668982312923976
"3996",0,0.476275601520836
"3997",0,0.503200013595112
"3998",1,0.52119780889997
"3999",1,0.719325843537389
"4000",1,0.628208398440006
"4001",1,0.652848221208383
"4002",1,0.431221452896744
"4003",1,0.479633639457904
"4004",0,0.40868704925231
"4005",1,0.592458784124373
"4006",1,0.468002538135895
"4007",1,0.634849063603632
"4008",1,0.616738612100796
"4009",0,0.618272627898022
"4010",1,0.659023063707213
"4011",1,0.445659185720974
"4012",1,0.319841187065893
"4013",1,0.488751355752789
"4014",1,0.544046597563213
"4015",0,0.411752738872049
"4016",1,0.31572320303484
"4017",0,0.329357624277402
"4018",0,0.662911912742002
"4019",1,0.567435147606659
"4020",0,-0.0312074444073533
"4021",0,0.578000391816894
"4022",0,0.578000391816894
"4023",0,0.497279680329112
"4024",1,0.68103932283459
"4025",1,0.811565748117039
"4026",1,0.836916163850646
"4027",1,0.871508025238172
"4028",1,0.59326801112723
"4029",0,0.213210996135967
"4030",1,0.303898771893918
"4031",0,0.369624066576066
"4032",1,0.612907012402048
"4033",1,0.662506059074629
"4034",1,0.698768667790731
"4035",1,0.478613021552692
"4036",0,0.360868319822697
"4037",0,0.316460817879789
"4038",1,0.544381536841324
"4039",0,0.745328247750091
"4040",1,0.497279680329112
"4041",1,0.545691866890272
"4042",0,0.362974449201534
"4043",0,0.335852757953113
"4044",0,0.410689194077995
"4045",1,0.406079087690788
"4046",0,0.353695970401595
"4047",1,0.330768421477375
"4048",1,0.729451509395751
"4049",1,0.691518153351073
"4050",1,0.463766358354703
"4051",1,0.449833912946465
"4052",1,0.641397828565182
"4053",1,0.651578380847537
"4054",1,0.603166194286377
"4055",0,0.547977535586326
"4056",0,0.405931880759707
"4057",0,0.454344067320868
"4058",0,0.102029945937444
"4059",0,0.404780109924689
"4060",1,0.559207319166076
"4061",1,0.666278960791809
"4062",1,0.688901986508413
"4063",0,0.134262674253025
"4064",0,0.3034669998331
"4065",0,0.498341826073469
"4066",1,0.265233326249602
"4067",0,0.265882795982819
"4068",1,0.292412090701848
"4069",0,0.28957320603837
"4070",0,0.443458175595963
"4071",0,0.494080312564543
"4072",1,0.478488552600904
"4073",1,0.0400353918079683
"4074",1,0.482525004278508
"4075",0,0.439824909377061
"4076",1,0.586188634057217
"4077",1,0.664937540528406
"4078",1,0.282643793482287
"4079",1,0.496399935328894
"4080",1,0.752074535112354
"4081",0,0.707075647126296
"4082",1,0.733903642406275
"4083",1,0.78020810427415
"4084",1,0.842022929176801
"4085",1,0.823095838677012
"4086",1,0.885328350411806
"4087",0,0.259678005172481
"4088",0,0.518132119280231
"4089",0,0.346363433617083
"4090",1,0.39434990746744
"4091",1,0.546538321760779
"4092",1,0.587737405553719
"4093",1,0.714141179067677
"4094",1,0.636377613375614
"4095",1,0.627546811590709
"4096",1,0.429349577534169
"4097",0,0.31788572028277
"4098",1,0.488551701784467
"4099",1,0.455986069993129
"4100",0,0.499634228264671
"4101",1,0.739930339912233
"4102",0,0.152922937262583
"4103",0,0.706114900319654
"4104",0,0.78784316917491
"4105",1,0.689624621490538
"4106",0,0.344688771695409
"4107",0,0.514807984353484
"4108",0,0.820568954493134
"4109",0,0.843637768283817
"4110",1,0.463248711415859
"4111",1,0.452157291767048
"4112",1,0.71918152229534
"4113",1,0.670769335734179
"4114",0,0.385810983481867
"4115",1,0.442891139345127
"4116",0,0.67976462989332
"4117",1,0.619953287293746
"4118",0,0.463932661440584
"4119",0,0.479655295955864
"4120",0,0.036372540551648
"4121",0,0.538136844198797
"4122",0,0.388865609714174
"4123",0,0.358114947517804
"4124",0,0.28410325907049
"4125",0,0.263606632651551
"4126",0,0.32900845534031
"4127",0,0.30517090697687
"4128",1,0.702205827283628
"4129",1,0.729451509395751
"4130",0,0.689264357562294
"4131",1,0.634802530882784
"4132",0,0.306006929317382
"4133",0,0.209544809994178
"4134",1,0.474672873302796
"4135",1,0.403423434964022
"4136",0,0.380727538562495
"4137",1,0.529588205255734
"4138",1,0.62308502483679
"4139",0,0.425192539486932
"4140",1,0.311427282560177
"4141",0,0.306299550609481
"4142",0,0.249632491682859
"4143",1,0.637359492991715
"4144",1,0.596976148762198
"4145",0,0.528132597686202
"4146",0,0.559207319166076
"4147",1,0.456642416685457
"4148",1,0.438165808055499
"4149",0,0.558424425658914
"4150",0,0.214862904625368
"4151",0,0.617866774230649
"4152",0,0.596514144962537
"4153",1,0.63518573742342
"4154",0,0.674163310548457
"4155",1,0.555059763802906
"4156",0,0.352823937024422
"4157",1,0.722581759969707
"4158",1,0.510385612903088
"4159",0,0.503200013595112
"4160",0,0.644539988470642
"4161",0,0.596127801909482
"4162",0,0.365413710214864
"4163",0,0.35999772251288
"4164",0,0.601018157006893
"4165",0,0.341163040997453
"4166",1,0.6685155399454
"4167",1,0.717394499485136
"4168",1,0.692237251533733
"4169",0,0.446183204454495
"4170",0,0.881555448694627
"4171",0,0.683516370836202
"4172",0,0.24493392119439
"4173",0,0.480915972639944
"4174",0,0.432031086816869
"4175",0,0.596993533798704
"4176",0,0.334345860697646
"4177",0,0.806557121855488
"4178",1,0.817848607439261
"4179",1,0.657668108743205
"4180",1,0.706080295304365
"4181",1,0.497235134449418
"4182",0,0.207125825314465
"4183",1,0.696010153250913
"4184",0,0.671688278963797
"4185",0,0.446183204454495
"4186",0,0.514807984353484
"4187",0,0.590487447456579
"4188",0,0.578887280007989
"4189",1,0.563235627538351
"4190",1,0.720051600266529
"4191",1,0.482525004278508
"4192",1,0.439824909377061
"4193",0,0.31536164901072
"4194",0,0.17325349297743
"4195",1,0.414836524854699
"4196",1,0.490926021476013
"4197",1,0.596758543721201
"4198",0,0.17267748664964
"4199",0,0.0645510019568271
"4200",1,0.564403764873253
"4201",1,0.571876150146836
"4202",1,0.57467283827563
"4203",1,0.604424641380616
"4204",1,0.409888072137306
"4205",0,0.232507372480168
"4206",1,0.398397251862408
"4207",0,0.167739589254956
"4208",0,0.528825549207432
"4209",0,0.484688874357124
"4210",0,0.359579572484449
"4211",0,0.616068907205859
"4212",1,0.670964238034364
"4213",1,0.378658971116117
"4214",0,0.337054894610509
"4215",0,0.198804520138838
"4216",0,0.269934204763552
"4217",0,0.195677013187281
"4218",1,0.523434284484785
"4219",1,0.500558920106474
"4220",0,0.354740891096231
"4221",0,0.77344088460835
"4222",1,0.748701323489091
"4223",0,0.635799091202255
"4224",0,0.57601787343773
"4225",1,0.624230214951933
"4226",0,0.335428306131882
"4227",0,0.551754622299331
"4228",0,0.293929525612591
"4229",1,0.473650308738952
"4230",1,0.474499623519126
"4231",1,0.663835460645982
"4232",0,0.226860867311063
"4233",0,0.251701956125665
"4234",0,0.401672267474016
"4235",0,0.865565887073208
"4236",0,0.520851333542481
"4237",0,0.578906976955836
"4238",0,0.369550963195751
"4239",0,0.407238816111471
"4240",0,0.452826909887111
"4241",1,0.380981076047273
"4242",0,0.31133118210343
"4243",0,0.267759684701325
"4244",0,0.632728481688985
"4245",0,0.269887969475591
"4246",1,0.613535124869225
"4247",1,0.670964238034364
"4248",0,0.44737509711205
"4249",1,0.764967249024909
"4250",0,0.258920620117916
"4251",0,0.549805858998864
"4252",1,0.311592419964768
"4253",0,0.0427467868793024
"4254",0,0.71918152229534
"4255",0,0.409366018742442
"4256",1,0.544812121890055
"4257",0,0.517566439777932
"4258",0,0.478272525236306
"4259",1,0.52690885868905
"4260",1,0.451246047268994
"4261",1,0.512126720628291
"4262",1,0.569764677209502
"4263",0,0.368723200574133
"4264",1,0.797421811818765
"4265",1,0.513016255960279
"4266",0,0.331021904321052
"4267",0,0.414993755320166
"4268",0,0.769902972143195
"4269",0,0.514493387873727
"4270",0,0.481817776943734
"4271",1,0.664937540528406
"4272",0,0.252368037406725
"4273",0,0.275671239465127
"4274",1,0.48568566613305
"4275",0,0.224463484626726
"4276",0,0.180928016060991
"4277",0,0.544812121890055
"4278",0,0.586078195110772
"4279",0,0.341715783735321
"4280",0,0.347650659926993
"4281",1,0.68359792398458
"4282",1,0.625751123987297
"4283",0,0.68103932283459
"4284",0,0.478248420601626
"4285",1,0.57601787343773
"4286",1,0.558424425658914
"4287",0,0.351538433523588
"4288",1,0.841752794894232
"4289",0,0.570518086741404
"4290",0,0.219358595501535
"4291",0,0.580339271853344
"4292",0,0.628751458414504
"4293",1,0.604424641380616
"4294",0,0.596558698674243
"4295",1,0.653733531229314
"4296",0,0.345515542519002
"4297",0,0.154858198353239
"4298",0,0.2559211145718
"4299",0,0.200543775854495
"4300",1,0.598700344175359
"4301",0,0.351517598862312
"4302",0,0.498208912594791
"4303",0,0.111132024325714
"4304",0,0.404096640189848
"4305",0,0.159452794999247
"4306",0,0.44737509711205
"4307",1,0.457021093811859
"4308",0,0.194122234341897
"4309",1,0.212923744051037
"4310",1,0.664742638228221
"4311",0,0.587138536649274
"4312",1,0.644539988470642
"4313",1,0.557475272429994
"4314",0,-0.0113541709347881
"4315",0,0.309161755679742
"4316",0,0.348937669569159
"4317",0,0.232045717470334
"4318",1,0.612586866606613
"4319",0,0.554948910025402
"4320",0,0.627968039175188
"4321",0,0.650855891781573
"4322",1,0.546079190352503
"4323",0,0.492200415260587
"4324",1,0.567728350018886
"4325",0,0.402189914412859
"4326",0,0.0995245424418614
"4327",0,0.124890144934817
"4328",0,0.913978073634369
"4329",1,0.680505360520818
"4330",1,0.522257253981275
"4331",1,0.489999329883425
"4332",1,0.375446962741026
"4333",1,0.524279257502493
"4334",1,0.42810466437116
"4335",1,0.768463786827689
"4336",1,0.862954443548336
"4337",1,0.818315158704355
"4338",1,0.400473580472546
"4339",0,0.437277796275334
"4340",0,0.155864454087685
"4341",1,0.829812060465246
"4342",0,0.830415872116463
"4343",0,0.447119550347315
"4344",1,0.54424481779169
"4345",1,0.592657004352851
"4346",0,0.37176695366345
"4347",1,0.436802839084422
"4348",1,0.474073005167999
"4349",0,0.614662812223302
"4350",1,0.825252649516728
"4351",0,0.307363095403535
"4352",0,0.272881213154664
"4353",0,0.377305902404446
"4354",0,0.391837680987825
"4355",0,0.221948417450336
"4356",0,0.603727071035477
"4357",0,0.367692995218818
"4358",1,0.479633639457904
"4359",1,0.431221452896744
"4360",1,0.652258790571217
"4361",0,0.415609739372096
"4362",0,0.289500002300096
"4363",0,0.388734473003835
"4364",1,0.478339242788462
"4365",0,0.691518153351073
"4366",1,0.702205827283628
"4367",1,0.500852068339419
"4368",1,0.50819409775647
"4369",0,0.422487096051875
"4370",0,0.443041011368584
"4371",1,0.287674291393909
"4372",1,0.615210062328814
"4373",0,0.533589099606046
"4374",1,0.516038936603712
"4375",1,0.642188648517764
"4376",1,0.657546297246029
"4377",0,0.35812253478213
"4378",0,0.612818283669563
"4379",1,0.593927844178965
"4380",0,0.574585507069962
"4381",0,0.323660726612705
"4382",0,0.387946228203418
"4383",0,0.237680642392633
"4384",0,0.192169324171479
"4385",0,0.190806284536392
"4386",0,0.613542541019378
"4387",1,0.586714545739399
"4388",0,0.509162924317579
"4389",1,0.716555062463749
"4390",0,0.378010457661434
"4391",0,0.319781808533594
"4392",1,0.696179129777669
"4393",1,0.440726588089256
"4394",1,0.403419762292794
"4395",0,0.461147623107738
"4396",0,0.16121015956727
"4397",0,0.0793393368252517
"4398",1,0.887582146200585
"4399",0,0.376724733959087
"4400",0,0.425660818606838
"4401",0,0.320700566073249
"4402",1,0.627968039175188
"4403",1,0.684099081090441
"4404",1,0.664617265085866
"4405",1,0.44967287724935
"4406",1,0.414491145326493
"4407",0,0.176648833965213
"4408",0,0.128236647404053
"4409",0,0.491823156247952
"4410",0,0.393616895975331
"4411",0,0.326639920054507
"4412",0,0.349807598122606
"4413",1,0.59965402628888
"4414",0,0.741555346032911
"4415",0,0.276572031638323
"4416",0,0.238534069986127
"4417",1,0.504516794163895
"4418",1,0.552928980725055
"4419",0,0.039183109499977
"4420",0,-0.0113541709347881
"4421",1,0.522105900180244
"4422",1,0.81310307167167
"4423",1,0.827527208496522
"4424",0,0.638653903174926
"4425",0,0.667964007467496
"4426",1,0.612231463544021
"4427",1,0.54178073915665
"4428",1,0.289089467330051
"4429",1,0.399773162719019
"4430",1,0.365534561906474
"4431",0,0.353245840565048
"4432",0,0.301917835378939
"4433",0,0.329511612368401
"4434",0,0.041194231541837
"4435",1,0.707195644654359
"4436",1,0.721891104059337
"4437",0,0.528970008637595
"4438",0,0.602473245892539
"4439",0,0.363187285310695
"4440",1,0.317735566287428
"4441",1,0.780613364672748
"4442",1,0.662962508425796
"4443",0,0.410772478055057
"4444",0,0.362452411010445
"4445",0,0.619137170679141
"4446",1,0.721891104059337
"4447",0,0.593357222152308
"4448",0,0.234379789709334
"4449",1,0.728685985068909
"4450",1,0.764739750368938
"4451",0,0.196649111290108
"4452",0,0.0559692071194482
"4453",0,0.0286478682014271
"4454",0,0.491099301008483
"4455",0,0.468312650059642
"4456",0,0.267577121707509
"4457",1,0.670166960385761
"4458",1,0.557977882423667
"4459",1,0.409003809436246
"4460",1,0.624978556697325
"4461",1,0.728917547081979
"4462",1,0.829812060465246
"4463",1,0.781399873904085
"4464",1,0.169049044362624
"4465",1,0.842942861356604
"4466",0,0.520587639444323
"4467",1,0.573226162364071
"4468",0,0.199566074573504
"4469",1,0.713505650450347
"4470",1,0.675426393248177
"4471",0,0.343425494426665
"4472",0,0.409672701270658
"4473",0,0.875939395057682
"4474",0,0.229651239493793
"4475",0,0.214862904625368
"4476",0,0.21290999445495
"4477",0,0.680190008054415
"4478",1,0.789967532594072
"4479",1,0.514553225852412
"4480",1,0.562965412413572
"4481",1,0.519312158146776
"4482",0,0.0734357337486578
"4483",0,0.0561639347792168
"4484",0,0.175937876197935
"4485",0,0.0326797803353663
"4486",0,0.458981591246603
"4487",1,0.318926197410447
"4488",0,0.569860441336861
"4489",0,0.286092828953793
"4490",0,0.179840301841586
"4491",0,0.192565809106088
"4492",0,0.0401306867477833
"4493",0,0.039430837073797
"4494",0,0.242613347814637
"4495",0,0.241114784189248
"4496",0,0.331055980043447
"4497",1,0.531688176302082
"4498",0,0.440339169191629
"4499",0,0.497911526511124
"4500",0,0.499660428179621
"4501",0,0.548072614740781
"4502",0,0.333657549240387
"4503",0,0.369674654827532
"4504",1,0.612231463544021
"4505",1,0.587138536649274
"4506",1,0.576804161781066
"4507",0,0.55959045423645
"4508",0,0.488237095938222
"4509",1,0.757173621357233
"4510",1,0.722581759969707
"4511",0,0.491640306285384
"4512",1,0.697719068065434
"4513",1,0.859949833436264
"4514",1,0.865565887073208
"4515",1,0.578000391816894
"4516",1,0.529588205255734
"4517",1,0.468376971116298
"4518",1,0.557792579476902
"4519",1,0.422012105130719
"4520",1,0.420403073492154
"4521",1,0.546079190352503
"4522",1,0.374423459875325
"4523",1,0.326011273314165
"4524",0,0.480915972639944
"4525",0,0.257349753468604
"4526",0,0.218826526888595
"4527",0,0.499439029685344
"4528",0,0.473028721237509
"4529",0,0.332037970820124
"4530",0,0.377072003011248
"4531",0,0.708259189448413
"4532",0,0.633668256452488
"4533",1,0.448780233226294
"4534",0,0.479539593698755
"4535",0,0.106153289760426
"4536",1,0.313913633307801
"4537",0,0.413094042804156
"4538",0,0.361475885576146
"4539",0,0.655956825466778
"4540",0,0.140908673338712
"4541",0,0.477617969137294
"4542",0,0.48017469095893
"4543",0,0.354660996536727
"4544",0,0.626457866669061
"4545",1,0.317497558513644
"4546",1,0.281099425807241
"4547",1,0.244320754856098
"4548",0,0.415225684188897
"4549",0,0.531849736817675
"4550",0,0.380267427481811
"4551",0,0.191370810332331
"4552",1,0.405882898644534
"4553",1,0.468862070614147
"4554",0,0.532041670722228
"4555",0,0.534215028044477
"4556",0,0.33288589564845
"4557",0,0.361520162247306
"4558",1,0.265458332238022
"4559",1,0.486129948228483
"4560",1,0.486324850528668
"4561",0,0.313751716330451
"4562",0,0.460467325733911
"4563",0,0.488367420326023
"4564",1,0.326406020661308
"4565",0,0.449247372151625
"4566",1,0.431251098769376
"4567",1,0.3193267447137
"4568",0,0.532778126855581
"4569",0,0.540164355618491
"4570",1,0.337950396764312
"4571",0,0.220942509457821
"4572",1,0.406995425553761
"4573",1,0.770205069255474
"4574",0,0.580985778618304
"4575",0,0.282306226369552
"4576",0,0.330718412930713
"4577",1,0.603962504007522
"4578",1,0.480915972639944
"4579",1,0.524279257502493
"4580",1,0.731743404327605
"4581",0,0.476086580616785
"4582",0,0.344405807854626
"4583",1,0.636149592114879
"4584",1,0.481562361747629
"4585",0,0.472295902965954
"4586",1,0.598227772955831
"4587",1,0.631877112211213
"4588",0,0.475976574941215
"4589",1,0.566743018096727
"4590",1,0.465514165061731
"4591",0,0.400634723959948
"4592",0,0.378010457661434
"4593",0,0.346034696405427
"4594",1,0.443410969686792
"4595",0,0.268539934691019
"4596",1,0.649430343568053
"4597",0,0.792971785933878
"4598",0,0.516337534181298
"4599",0,0.232393264262193
"4600",0,0.222937836863528
"4601",0,0.143705063014416
"4602",1,0.516107855410748
"4603",0,0.668837782829801
"4604",0,0.325490505496123
"4605",0,0.554181136064462
"4606",1,0.534585904315789
"4607",1,0.465514165061731
"4608",0,0.429880148964637
"4609",1,0.764739750368938
"4610",1,0.70417798596272
"4611",0,0.525509105382428
"4612",0,0.632580747008161
"4613",1,0.593220632081524
"4614",0,0.282569239994334
"4615",0,0.23376639212522
"4616",0,0.528132597686202
"4617",1,0.570033978636247
"4618",0,0.460351021742241
"4619",0,0.532280824254694
"4620",0,0.282012002469003
"4621",0,0.302687011785607
"4622",0,0.53903533612565
"4623",0,0.553479738563303
"4624",1,0.754495369914702
"4625",1,0.636403162041141
"4626",0,0.636403162041141
"4627",1,0.571583143090408
"4628",1,0.619995329651568
"4629",0,0.639439132347059
"4630",1,0.573609293481576
"4631",0,0.673390743258485
"4632",1,0.733268113788945
"4633",1,0.604727041681317
"4634",1,0.670964238034364
"4635",0,0.42309660618915
"4636",0,0.533243157023545
"4637",1,0.435262797227881
"4638",0,0.410514113511002
"4639",0,0.613542541019378
"4640",0,0.456940955438351
"4641",1,0.479828808044737
"4642",0,0.253745768113323
"4643",0,0.17228527915011
"4644",0,0.26354220909405
"4645",1,0.76085090133415
"4646",0,0.425330765503375
"4647",0,0.0407398849968079
"4648",0,0.259596887581907
"4649",0,0.411113554476431
"4650",0,0.368961727650656
"4651",0,0.326352150552333
"4652",0,0.409581320413107
"4653",0,0.219419348046069
"4654",0,0.741018259668608
"4655",0,0.723424811889792
"4656",1,0.475766700522585
"4657",0,0.308139356259614
"4658",0,0.33351727225085
"4659",0,0.231566287363471
"4660",0,0.462602443141902
"4661",0,0.257246896498098
"4662",0,0.147875648678871
"4663",1,0.721953909608175
"4664",1,0.741804548011944
"4665",1,0.618750827626086
"4666",1,0.577913978123141
"4667",1,0.628807845290982
"4668",1,0.632580747008161
"4669",0,0.0563193844791165
"4670",0,0.00452904354791966
"4671",0,0.508325496781173
"4672",0,0.54834728698657
"4673",1,0.470955809725147
"4674",1,0.557705318935245
"4675",1,0.612231463544021
"4676",1,0.579555852614027
"4677",1,0.431221452896744
"4678",1,0.650591064891792
"4679",0,0.654400847209859
"4680",0,0.298427398499916
"4681",1,0.563717315804143
"4682",1,0.526201646591609
"4683",1,0.369278218401559
"4684",1,0.540347090662943
"4685",1,0.240706364430508
"4686",1,0.275910256245514
"4687",0,0.441569441227584
"4688",0,0.52194720876867
"4689",0,0.49177771883154
"4690",0,0.186385155030994
"4691",0,0.223127655143771
"4692",0,0.279469221763255
"4693",0,0.0684492112549933
"4694",0,0.0370633205343168
"4695",0,0.105937818916418
"4696",1,0.520290029507947
"4697",0,0.481881263634203
"4698",1,0.696311990350045
"4699",1,0.686228128068707
"4700",0,0.38920459447561
"4701",0,0.232522852882218
"4702",1,0.712247647207142
"4703",1,0.663835460645982
"4704",0,0.258012840725892
"4705",1,0.544078314529325
"4706",1,0.618750827626086
"4707",0,0.415010293261688
"4708",1,0.450536643759083
"4709",1,0.630456757504849
"4710",0,0.724207705396953
"4711",0,0.761514531193415
"4712",1,0.549624518828823
"4713",0,0.420761232671898
"4714",0,0.494603949486604
"4715",1,0.724011685973984
"4716",0,0.343425494426665
"4717",0,0.288545650905624
"4718",0,0.237459152341502
"4719",0,0.591026945785899
"4720",0,0.177521191427965
"4721",0,0.881555448694627
"4722",0,0.443533839307275
"4723",0,0.628208398440006
"4724",1,0.379310837715342
"4725",0,0.436762943271785
"4726",0,0.291035196349225
"4727",0,0.320468176899483
"4728",0,0.297984578229128
"4729",0,0.502603493054311
"4730",0,0.254988379369951
"4731",0,0.516724836620802
"4732",0,0.40689818865778
"4733",0,0.28487232752442
"4734",0,0.315148290017243
"4735",1,0.636161951011806
"4736",1,0.384037155167392
"4737",1,0.76085090133415
"4738",0,0.61396863214561
"4739",1,0.616525353967245
"4740",1,0.795242917674718
"4741",0,0.294608417257915
"4742",1,0.449348787737181
"4743",0,0.180903846635639
"4744",0,0.2293160331968
"4745",0,0.0896064181029974
"4746",1,0.406705124141921
"4747",1,0.538093294874164
"4748",1,0.351373222618613
"4749",1,0.485105786549611
"4750",0,0.0986397644761605
"4751",0,0.693587263750968
"4752",0,0.627968039175188
"4753",0,0.571583143090408
"4754",0,0.471821998776232
"4755",1,0.72142211844341
"4756",1,0.336118863186943
"4757",0,0.363754321561531
"4758",0,0.235012020283116
"4759",0,0.110440111916037
"4760",0,0.295248637985198
"4761",1,0.669069344842872
"4762",0,0.244305274454048
"4763",1,0.641212434929378
"4764",1,0.415609739372096
"4765",0,0.335922618977954
"4766",0,0.303126246962427
"4767",0,0.307146756632289
"4768",0,0.159544210886874
"4769",1,0.685491455845115
"4770",0,0.723424811889792
"4771",1,0.81310307167167
"4772",1,0.729495212071766
"4773",1,0.570602715338947
"4774",0,0.00426427822430038
"4775",1,0.48354271249393
"4776",1,0.441505807553584
"4777",1,0.501239487237046
"4778",1,0.708110865837542
"4779",1,0.766593194452155
"4780",0,0.497667003791343
"4781",0,0.75135494525605
"4782",1,0.429514045855283
"4783",0,0.642516517550145
"4784",0,0.125542104347182
"4785",0,0.361972569929028
"4786",0,0.399773162719019
"4787",0,0.521156135776301
"4788",0,0.571157051964176
"4789",1,0.585076208270394
"4790",1,0.641517237163198
"4791",0,0.313402458935549
"4792",0,0.563717315804143
"4793",1,0.385859475553272
"4794",1,0.622549647242946
"4795",0,0.468862070614147
"4796",0,0.415818669186518
"4797",1,0.752750150681523
"4798",1,0.904589118280244
"4799",0,0.360257078216488
"4800",0,0.52921920155077
"4801",1,0.4508251558502
"4802",1,0.761514531193415
"4803",1,0.680705106276163
"4804",0,0.253811322426777
"4805",0,0.220224681026597
"4806",1,0.611382302940707
"4807",0,0.484063539993719
"4808",1,0.439229352849553
"4809",1,0.745328247750091
"4810",1,0.50819409775647
"4811",1,0.463786595813562
"4812",1,0.560144259133921
"4813",1,0.541079909073487
"4814",1,0.503981926693098
"4815",0,0.261855454472719
"4816",0,0.293137600692561
"4817",0,0.329511612368401
"4818",0,0.43192455526592
"4819",1,0.793616972247472
"4820",1,0.472231360882305
"4821",1,0.578801385097144
"4822",1,0.568090992567591
"4823",1,0.815633231374848
"4824",1,0.501239487237046
"4825",0,0.146321163145935
"4826",1,0.620288336707996
"4827",1,0.806557121855488
"4828",0,-0.0454376285461769
"4829",0,0.445195344197552
"4830",0,0.656042163315959
"4831",1,0.644539988470642
"4832",1,0.559918270015313
"4833",1,0.708110865837542
"4834",1,0.383917688785103
"4835",1,0.428796793881092
"4836",0,0.546079190352503
"4837",1,0.405635856229414
"4838",0,0.8891331899831
"4839",0,0.407771496299305
"4840",0,0.400473580472546
"4841",1,0.471909196883912
"4842",1,0.50134217743417
"4843",1,0.885328350411806
"4844",0,0.18002698833525
"4845",1,0.183822623256064
"4846",1,0.741804548011944
"4847",1,0.714141179067677
"4848",0,0.2728939082925
"4849",1,0.580820823405527
"4850",0,0.449872713755298
"4851",0,0.819129769177628
"4852",1,0.738227875617546
"4853",1,0.459864463856826
"4854",0,0.191665767938002
"4855",0,0.491752169057331
"4856",1,0.447532505059542
"4857",1,0.504199563986164
"4858",0,0.195714698707987
"4859",0,0.255951568802972
"4860",1,0.66263126145511
"4861",1,0.807189034748642
"4862",0,0.44842874365177
"4863",0,0.248296167151739
"4864",0,0.204405705192911
"4865",0,-0.0404755602198539
"4866",0,0.277963047095196
"4867",1,0.72142211844341
"4868",1,0.557705318935245
"4869",1,0.528825549207432
"4870",0,0.55345573299782
"4871",0,0.482378478362233
"4872",1,0.412914667736835
"4873",1,0.265807783664338
"4874",1,0.608585513888571
"4875",1,0.770993946530868
"4876",1,0.447650267159227
"4877",0,0.644539988470642
"4878",1,0.891355047917765
"4879",0,0.504981291556871
"4880",1,0.471643943553588
"4881",1,0.516886819160784
"4882",0,0.426345030351349
"4883",0,0.516837016425977
"4884",0,0.564494825840888
"4885",1,0.817318278050535
"4886",1,0.68703406941328
"4887",0,0.741666121262603
"4888",1,0.801162337242683
"4889",1,0.776840462955568
"4890",1,0.869454736107997
"4891",1,0.821042549546837
"4892",0,0.00135765701703931
"4893",0,0.0800570073729488
"4894",0,0.35691424841848
"4895",0,0.303662003574779
"4896",1,0.613650411400667
"4897",1,0.722375024504751
"4898",1,0.524722596976569
"4899",0,0.172009953734428
"4900",1,0.599690498879632
"4901",0,0.0424507958568382
"4902",0,0.0961207275326826
"4903",0,0.0588505614491062
"4904",1,0.261975539553397
"4905",1,0.552928980725055
"4906",1,0.499676735881354
"4907",0,0.652641925641591
"4908",1,0.910205171917189
"4909",1,0.931185551547153
"4910",0,0.602473245892539
"4911",0,0.581111839143316
"4912",1,0.836916163850646
"4913",0,0.596993533798704
"4914",0,0.587536201765583
"4915",0,0.172009953734428
"4916",0,0.214845572626177
"4917",0,0.288605976643786
"4918",0,0.200516856158122
"4919",0,0.485670817034421
"4920",0,0.509533924775061
"4921",1,0.542075260895418
"4922",0,0.824815451264016
"4923",0,0.32369088156962
"4924",0,0.37210306813078
"4925",0,0.607619505727236
"4926",1,0.866260794000421
"4927",1,0.613535124869225
"4928",1,0.661947311430385
"4929",1,0.452399072207021
"4930",0,0.174483233067079
"4931",0,0.345087732623644
"4932",1,0.509281993734501
"4933",1,0.530494790394676
"4934",0,0.446800212381153
"4935",0,0.576804161781066
"4936",1,0.296774285748396
"4937",0,0.250696036476912
"4938",1,0.339548791477691
"4939",0,0.609769641891979
"4940",1,0.929967635255787
"4941",0,0.632728481688985
"4942",0,0.594168595396092
"4943",1,0.714141179067677
"4944",0,0.159734916348664
"4945",0,0.684570337146989
"4946",0,0.448267910943936
"4947",1,0.405931880759707
"4948",0,0.311576748029362
"4949",0,0.212246804493849
"4950",1,0.748701323489091
"4951",1,0.460219760234162
"4952",0,0.363790379464632
"4953",1,0.48640476431571
"4954",1,0.474672873302796
"4955",1,0.588917444420263
"4956",0,0.310923632875677
"4957",0,0.187797081938568
"4958",0,0.184173424439575
"4959",0,0.437114171043097
"4960",1,0.483850446724333
"4961",1,0.443410969686792
"4962",1,0.499851998579596
"4963",0,0.552946765199717
"4964",1,0.550390043378081
"4965",0,0.729393197166349
"4966",0,0.511174727501071
"4967",0,0.486409621530166
"4968",0,0.3735891744105
"4969",0,0.635866075676838
"4970",0,0.636403162041141
"4971",0,0.399676907622129
"4972",0,0.642580781957252
"4973",1,0.604229739080431
"4974",0,0.339923921616909
"4975",0,0.562653771010089
"4976",0,0.284106617507614
"4977",0,0.300440933033492
"4978",0,0.57467283827563
"4979",0,0.686827933361745
"4980",0,0.451222041703511
"4981",0,0.760157645799019
"4982",1,0.600189909431634
"4983",0,0.267751626048127
"4984",0,0.405882898644534
"4985",0,0.238256929807857
"4986",1,0.789198884216699
"4987",1,0.351538433523588
"4988",0,0.64219226424194
"4989",0,0.481941239007514
"4990",1,0.646232093065258
"4991",1,0.273368901890664
"4992",1,0.54694231687508
"4993",1,0.328525906391403
"4994",0,0.129283352027501
"4995",0,0.0599757089979063
"4996",0,0.356692608777853
"4997",1,0.409944853621554
"4998",1,0.865565887073208
"4999",1,0.773241039561392
"5000",0,0.603846604010056
"5001",0,0.313910560727536
"5002",1,0.0895070649510615
"5003",1,0.501576076827369
"5004",1,0.539263929743089
"5005",1,0.495212398942313
"5006",1,0.414224802928892
"5007",0,0.415392940263794
"5008",1,0.313732171542635
"5009",0,0.452157291767048
"5010",0,0.233988749487811
"5011",0,0.379643607800746
"5012",1,0.285274754842517
"5013",1,0.609870290137577
"5014",1,0.669484254257734
"5015",1,0.752782526974785
"5016",1,0.677022542945923
"5017",1,0.628610356384762
"5018",1,0.544628322096219
"5019",0,0.452500613906756
"5020",0,0.405581896963517
"5021",1,0.846964881926917
"5022",1,0.279078388183732
"5023",1,0.319997756617947
"5024",1,0.693241380836775
"5025",1,0.548943623070242
"5026",1,0.33926934710021
"5027",0,0.379490897192698
"5028",1,0.57467283827563
"5029",0,0.208311525533747
"5030",0,0.289522754404924
"5031",0,0.205940928531185
"5032",1,0.683751803808247
"5033",0,0.434672735613914
"5034",0,0.410774887031009
"5035",0,0.608585513888571
"5036",0,0.567728350018886
"5037",1,0.48033674182708
"5038",1,0.477094111447345
"5039",0,0.523001804633248
"5040",0,0.309872611093583
"5041",0,0.545461819559543
"5042",0,0.161674106291198
"5043",1,0.721391693507335
"5044",0,0.541079909073487
"5045",0,0.527236865302855
"5046",0,0.414458253720231
"5047",1,0.4714746228
"5048",0,0.614499726180842
"5049",1,0.530790664923393
"5050",0,0.735568819430169
"5051",0,0.732458886786088
"5052",0,0.460369262035302
"5053",0,0.740189704952057
"5054",0,0.694946608456859
"5055",1,0.770993946530868
"5056",1,0.546995528215476
"5057",1,0.613650411400667
"5058",0,0.242826183923798
"5059",1,0.757173621357233
"5060",1,0.929967635255787
"5061",1,0.755487833687457
"5062",0,0.334349379762326
"5063",0,0.68359792398458
"5064",0,0.360807836054736
"5065",0,0.143005213340429
"5066",1,0.613028823899224
"5067",0,0.285274754842517
"5068",0,0.35118553496172
"5069",1,0.484452043559482
"5070",0,0.486173717754628
"5071",1,0.524279257502493
"5072",1,0.41601235215774
"5073",1,0.365043443774944
"5074",1,0.31887371343944
"5075",1,0.431393520912434
"5076",1,0.426725762020577
"5077",0,0.375620711399475
"5078",0,0.684046700224928
"5079",0,0.728917547081979
"5080",1,0.702813033771019
"5081",0,0.758144935294328
"5082",0,0.196640422266806
"5083",1,0.667163014187246
"5084",0,0.540602434388787
"5085",1,0.433114083679949
"5086",1,0.43423162018608
"5087",0,0.670166960385761
"5088",0,0.64208590460935
"5089",0,0.624665050076394
"5090",0,0.544423968904183
"5091",0,0.312398969545305
"5092",1,0.544788017255374
"5093",0,0.579969749178231
"5094",1,0.481721109605331
"5095",0,0.265115807760954
"5096",1,0.881555448694627
"5097",1,0.579635990987534
"5098",1,0.75135494525605
"5099",0,0.560637245170353
"5100",0,0.230865969984884
"5101",1,0.777907398632926
"5102",1,0.729495212071766
"5103",0,0.624430059998891
"5104",1,0.341952550298376
"5105",1,0.123449075683589
"5106",1,0.350665911271895
"5107",1,0.414224802928892
"5108",1,0.457854841326568
"5109",0,0.239957886307089
"5110",1,0.283112327753565
"5111",0,0.22159644186214
"5112",0,0.220611823979667
"5113",1,0.0221040755486538
"5114",0,0.384037155167392
"5115",1,0.476969160190244
"5116",0,0.342147452598561
"5117",0,0.307146756632289
"5118",1,0.417581754209749
"5119",1,0.43761678103677
"5120",0,0.245376551068395
"5121",1,0.484315339465648
"5122",0,0.377305902404446
"5123",1,0.426725762020577
"5124",0,0.706080295304365
"5125",1,0.632389049294626
"5126",0,0.36036248787882
"5127",1,0.565556445584449
"5128",1,0.380122579084597
"5129",0,0.464917526509778
"5130",1,0.365493848588371
"5131",1,0.498014010294606
"5132",0,0.355963046883092
"5133",0,0.304721462902086
"5134",1,0.553180621660117
"5135",1,0.247772805857868
"5136",1,0.709120378611001
"5137",1,0.430407328545759
"5138",0,0.426634426828579
"5139",0,0.609103580505951
"5140",0,0.640852171001134
"5141",0,0.435262797227881
"5142",0,0.488551701784467
"5143",0,0.615206389657586
"5144",0,0.385328489308327
"5145",1,0.363340552310888
"5146",0,0.68359792398458
"5147",0,0.644829194275615
"5148",1,0.509293132374084
"5149",1,0.524279257502493
"5150",1,0.793616972247472
"5151",1,0.764739750368938
"5152",1,0.70417798596272
"5153",1,0.478372249312839
"5154",0,0.445659185720974
"5155",0,0.468312650059642
"5156",0,0.32253003795823
"5157",0,0.363313882402144
"5158",0,0.576875143687719
"5159",0,0.48436594029442
"5160",0,0.499565349025166
"5161",1,0.802441544400546
"5162",1,0.497667003791343
"5163",1,0.546079190352503
"5164",0,0.598820420908442
"5165",0,0.312053323933873
"5166",0,0.277890753114249
"5167",1,0.508752973945087
"5168",1,0.494854386598909
"5169",1,0.356679994843381
"5170",0,0.229993490408041
"5171",1,0.654075798419331
"5172",1,0.48149140803989
"5173",1,0.502256665174508
"5174",1,0.507128190329439
"5175",0,0.514979316978644
"5176",0,0.276988754743422
"5177",0,0.249189861808854
"5178",1,0.662911912742002
"5179",1,0.452137071571887
"5180",0,0.178385235355242
"5181",0,0.453873903458988
"5182",1,0.452157291767048
"5183",0,0.289706575853666
"5184",0,0.061934901825308
"5185",0,0.333933983818797
"5186",0,0.709120378611001
"5187",0,0.442891139345127
"5188",0,0.398324378050094
"5189",0,0.558024692984499
"5190",0,0.381995141984598
"5191",0,0.574581706643985
"5192",1,0.885328350411806
"5193",1,0.390364736859537
"5194",1,0.642618355368172
"5195",0,0.494690527621793
"5196",1,0.770993946530868
"5197",1,0.598700344175359
"5198",1,0.638513290964684
"5199",1,0.571607148655891
"5200",1,0.620019335217051
"5201",1,0.642887820990826
"5202",0,0.452399072207021
"5203",0,0.488551701784467
"5204",1,0.714137563343501
"5205",1,0.807189034748642
"5206",0,0.432306654188758
"5207",0,0.487641539410713
"5208",1,0.375226395142579
"5209",0,0.431243109394704
"5210",1,0.675426393248177
"5211",1,0.729495212071766
"5212",1,0.68359792398458
"5213",0,0.358940297647705
"5214",1,0.487641539410713
"5215",1,0.543556846799971
"5216",1,0.461593001032454
"5217",1,0.510005187593614
"5218",1,0.35757006523531
"5219",1,0.405245742409598
"5220",1,0.690882624733743
"5221",1,0.727980607114133
"5222",0,0.669069344842872
"5223",0,0.717914080784857
"5224",1,0.717394499485136
"5225",1,0.493179817264792
"5226",1,0.4209785088921
"5227",0,0.573529155108069
"5228",0,0.593357222152308
"5229",0,0.83732680771966
"5230",0,0.286660549334663
"5231",1,0.744559599372718
"5232",1,0.792971785933878
"5233",0,0.406022660572281
"5234",0,0.53275511197944
"5235",1,0.407182769701798
"5236",0,0.464230855747679
"5237",1,0.341496739156044
"5238",0,0.69661396490213
"5239",0,0.364853924258686
"5240",0,0.260377291409454
"5241",0,0.315733740690116
"5242",0,0.478609095709733
"5243",1,0.516886819160784
"5244",0,0.412773192088746
"5245",0,0.40868704925231
"5246",0,0.445699842969495
"5247",1,0.510851131784385
"5248",0,0.648387516653755
"5249",0,0.0360307071897159
"5250",0,0.0200370246938329
"5251",1,0.563236822597683
"5252",0,0.270437873932294
"5253",0,0.251688113442337
"5254",1,0.542550811355105
"5255",0,0.388920892347604
"5256",0,0.333467896824401
"5257",0,0.285521797257637
"5258",1,0.65412938294675
"5259",0,0.557705318935245
"5260",0,0.509293132374084
"5261",1,0.745204785686311
"5262",1,0.480103250722525
"5263",1,0.422530276123126
"5264",1,0.680190008054415
"5265",0,0.631777821493255
"5266",1,0.331643840891873
"5267",0,0.512198782374722
"5268",1,0.364853924258686
"5269",1,0.305299717219941
"5270",1,0.401672267474016
"5271",1,0.604727041681317
"5272",0,0.205437973775779
"5273",0,0.464917526509778
"5274",0,0.750055967489951
"5275",1,0.242826183923798
"5276",0,0.145701051428745
"5277",0,0.138772558985486
"5278",0,0.460467325733911
"5279",1,0.320424491825219
"5280",0,-9.58886615647567e-05
"5281",0,0.191855138258935
"5282",0,0.502430837188445
"5283",1,0.311167385923289
"5284",0,0.300041972105257
"5285",0,0.406079087690788
"5286",0,0.198837411745099
"5287",0,0.695291055068253
"5288",0,0.395300190439851
"5289",1,0.540347090662943
"5290",1,0.569263520103641
"5291",0,0.313500182360197
"5292",0,0.278355110150225
"5293",1,0.768650970817965
"5294",0,0.664684247396862
"5295",0,0.690027620167339
"5296",0,0.318527208751
"5297",1,0.462903331887653
"5298",1,0.421419637769752
"5299",0,0.303294213957132
"5300",0,0.329598271100274
"5301",0,0.550237556785426
"5302",1,0.621941341669229
"5303",0,0.746830731113557
"5304",0,0.731743404327605
"5305",0,0.457885822944485
"5306",0,0.345975189116694
"5307",0,-0.0278331188124237
"5308",0,0.298978427311204
"5309",0,0.332870439024743
"5310",0,0.38724167294643
"5311",0,0.430187270976834
"5312",0,0.644378648982041
"5313",1,0.689624621490538
"5314",1,0.626130050890199
"5315",0,0.454018650627284
"5316",0,0.356052173896227
"5317",0,0.414993755320166
"5318",1,0.55345573299782
"5319",1,0.52119780889997
"5320",1,0.699268078342734
"5321",1,0.641212434929378
"5322",0,0.322326013060425
"5323",0,0.187118548289026
"5324",1,0.313910560727536
"5325",1,0.265498374166375
"5326",1,0.664937540528406
"5327",1,0.847546841319843
"5328",1,0.754726931927772
"5329",1,0.767062634591904
"5330",0,0.443410969686792
"5331",0,0.139803096753171
"5332",0,0.70417798596272
"5333",0,0.787033942172053
"5334",0,0.216152624834685
"5335",0,0.365120676968335
"5336",0,0.296440113090438
"5337",1,0.499784684060202
"5338",0,0.216152624834685
"5339",0,0.226946285212806
"5340",1,0.57601787343773
"5341",0,0.527216459517586
"5342",1,0.542779336763226
"5343",1,0.492454850047517
"5344",0,0.405882898644534
"5345",1,0.770993946530868
"5346",0,0.604424641380616
"5347",0,0.236050419452141
"5348",0,0.580100362863243
"5349",1,0.721661827789903
"5350",0,0.197227582234986
"5351",1,0.286528737696843
"5352",0,0.241494705505719
"5353",1,0.645340981750892
"5354",0,0.145336545263461
"5355",0,0.159130632543933
"5356",1,0.85620503296102
"5357",1,0.401060558125514
"5358",1,0.514824636036523
"5359",1,0.353711903781102
"5360",0,0.282602217392016
"5361",0,0.622552051473204
"5362",1,0.443803106522311
"5363",0,0.370738199621586
"5364",0,0.376918578942215
"5365",0,0.534542134789644
"5366",1,0.409944853621554
"5367",1,0.694973547288447
"5368",0,0.515325793142384
"5369",0,0.563737979703544
"5370",1,0.385810983481867
"5371",1,0.346034696405427
"5372",1,0.715567489347778
"5373",1,0.293836661399005
"5374",1,0.704454349877119
"5375",0,0.414737639144793
"5376",0,0.536823309563198
"5377",1,0.292135459839258
"5378",1,0.490817669312415
"5379",0,0.175632519906569
"5380",0,0.65412938294675
"5381",0,0.695149953038511
"5382",0,0.574377648015935
"5383",0,0.494408364779951
"5384",1,0.470899971585616
"5385",1,0.772619891958114
"5386",1,0.807792846399859
"5387",0,0.610603530169022
"5388",1,0.424742367454355
"5389",1,0.674542237451359
"5390",1,0.750586296878676
"5391",1,0.439824909377061
"5392",1,0.446800212381153
"5393",0,0.37032588901959
"5394",1,0.376330180893195
"5395",0,0.219921684476922
"5396",0,0.45919475122713
"5397",0,0.489724657637636
"5398",0,0.670964238034364
"5399",0,0.555290952406537
"5400",1,0.199971385245023
"5401",0,0.238455504629027
"5402",0,0.21990865692008
"5403",0,0.110792189167269
"5404",0,0.219812398009309
"5405",0,-0.0404755602198539
"5406",0,0.296774285748396
"5407",0,0.475046613389739
"5408",0,0.240245356178721
"5409",1,0.67863738205294
"5410",1,0.795242917674718
"5411",1,0.735725370348859
"5412",0,0.49933030291397
"5413",1,0.516305997925682
"5414",1,0.379179889477164
"5415",1,0.464936848516156
"5416",1,0.426794649055407
"5417",1,0.529974548308789
"5418",1,0.473028721237509
"5419",1,0.232246612928936
"5420",1,0.662526822265644
"5421",0,0.530790664923393
"5422",0,0.377372820286738
"5423",0,0.497279680329112
"5424",1,0.601592808221277
"5425",1,0.624114890956158
"5426",0,0.379757192402433
"5427",1,0.729495212071766
"5428",1,0.703093681105042
"5429",1,0.729451509395751
"5430",1,0.364681856242995
"5431",0,0.413094042804156
"5432",0,0.367659655780079
"5433",1,0.550882522072028
"5434",0,0.232045717470334
"5435",0,0.625751123987297
"5436",1,0.68359792398458
"5437",0,0.690882624733743
"5438",0,0.761514531193415
"5439",0,0.551754622299331
"5440",0,0.459781911195309
"5441",1,0.705978729000808
"5442",0,0.259906326094914
"5443",1,0.716965706332763
"5444",1,0.722581759969707
"5445",1,0.701260407769543
"5446",1,0.704370340413624
"5447",0,0.524624235259661
"5448",0,0.729502105079544
"5449",0,0.640852171001134
"5450",0,0.424267220709321
"5451",0,0.486401091644483
"5452",0,0.125063663778861
"5453",0,0.810995126090382
"5454",1,0.604424641380616
"5455",0,0.486407168545968
"5456",0,0.342887183935637
"5457",0,0.634602685835826
"5458",0,0.913978073634369
"5459",0,0.246237005313631
"5460",1,0.595966462420881
"5461",0,0.608556445695082
"5462",1,0.208344838232604
"5463",0,0.167905361195063
"5464",1,0.631777821493255
"5465",1,0.530964135372649
"5466",0,0.703093681105042
"5467",0,0.363473935205242
"5468",1,0.476068804544144
"5469",1,0.544812121890055
"5470",0,0.318703048232475
"5471",0,0.470240010233435
"5472",0,0.563123195415498
"5473",1,0.830415872116463
"5474",1,0.741804548011944
"5475",1,0.526509619786772
"5476",0,0.654602419123466
"5477",1,0.62659309179044
"5478",1,0.773241039561392
"5479",0,0.49960553294771
"5480",1,0.195624367304887
"5481",1,0.00489031959799663
"5482",1,0.102621869110912
"5483",1,0.482287598389734
"5484",0,0.437431478090005
"5485",1,0.55345573299782
"5486",1,0.35711571869028
"5487",1,0.497667003791343
"5488",1,0.516412310409047
"5489",1,0.405882898644534
"5490",1,0.41978525387492
"5491",0,0.220606354903903
"5492",0,0.0952928764532551
"5493",1,0.468743129272087
"5494",0,0.370738199621586
"5495",0,0.319778413836409
"5496",0,0.48436594029442
"5497",0,0.599167809963967
"5498",1,0.571541100732585
"5499",1,0.297739090856537
"5500",1,0.498487472326451
"5501",1,0.458956688378969
"5502",0,0.296802736422707
"5503",0,0.284763626590824
"5504",1,0.427674394055625
"5505",1,0.0768664808480886
"5506",0,0.353260080912855
"5507",1,0.758466957290727
"5508",0,0.3436102702091
"5509",1,0.761194347307729
"5510",1,0.703662348551194
"5511",0,0.296864339177453
"5512",0,0.28370008179677
"5513",0,0.192115332459403
"5514",0,0.522800021666022
"5515",0,0.191665767938002
"5516",0,0.224662600508003
"5517",1,0.557977882423667
"5518",0,0.181755078531987
"5519",0,0.229340202622151
"5520",0,0.180928016060991
"5521",1,0.597033398098239
"5522",1,0.75135494525605
"5523",1,0.824341856210314
"5524",1,0.503494381982498
"5525",0,0.407517475134744
"5526",0,0.224388341185579
"5527",1,0.728685985068909
"5528",1,0.457759898307603
"5529",0,0.514807984353484
"5530",0,0.312433193776536
"5531",0,0.287173705747038
"5532",1,0.644539988470642
"5533",0,0.455986069993129
"5534",1,0.648102685440792
"5535",1,0.499742251997343
"5536",0,0.452137071571887
"5537",1,0.500549258133047
"5538",1,0.401186096998067
"5539",0,0.788201424443652
"5540",1,0.417826343640672
"5541",1,0.437648313545753
"5542",1,0.4447719291772
"5543",1,0.607614745578655
"5544",0,0.644939168269292
"5545",1,0.494311874577614
"5546",1,0.58171070804776
"5547",0,0.354333858138205
"5548",0,0.40736826119672
"5549",0,0.599294708633189
"5550",0,0.209537447570723
"5551",1,0.387832996369573
"5552",1,0.29492182527697
"5553",1,0.702405672330586
"5554",1,0.739294811294904
"5555",1,0.373165191235384
"5556",0,0.39010422653421
"5557",1,0.495045521014886
"5558",1,0.624978556697325
"5559",1,0.538187445027569
"5560",1,0.562570200336076
"5561",1,0.638513290964684
"5562",1,0.46649515094426
"5563",0,0.418746154344201
"5564",1,0.460369262035302
"5565",0,0.368723200574133
"5566",0,0.413094042804156
"5567",1,0.595407714776637
"5568",0,0.529685749688474
"5569",0,0.492796610724156
"5570",1,0.56594822536144
"5571",0,0.366581568759006
"5572",0,0.414993755320166
"5573",0,0.240927120084012
"5574",0,0.407363873916757
"5575",1,0.680190008054415
"5576",0,0.143245531264654
"5577",1,0.395103546154534
"5578",0,0.41071945902411
"5579",1,0.562815931178889
"5580",1,0.61184007672469
"5581",1,0.675762253959082
"5582",1,0.627350067397921
"5583",1,0.455082195421338
"5584",0,0.510005187593614
"5585",0,0.35711571869028
"5586",1,0.585536086794676
"5587",1,0.58171070804776
"5588",0,0.44585160688302
"5589",1,0.405882898644534
"5590",1,0.478751030595299
"5591",1,0.591303564071183
"5592",1,0.935994332761745
"5593",0,0.520056130114749
"5594",1,0.478609095709733
"5595",0,0.403455899400915
"5596",0,0.357029140555092
"5597",1,0.360802042272272
"5598",0,0.764967249024909
"5599",0,0.437596734517558
"5600",0,0.110788516496041
"5601",1,0.477926232416443
"5602",0,0.428015482229894
"5603",1,0.469831824330913
"5604",1,0.481549889915437
"5605",0,0.449872713755298
"5606",0,0.247892272240157
"5607",1,0.895159887489059
"5608",1,0.483279380624226
"5609",0,0.160170042191457
"5610",0,0.627299466569149
"5611",1,0.586442302699464
"5612",0,0.480915972639944
"5613",0,0.504981291556871
"5614",0,0.553393478118031
"5615",1,0.418902828356192
"5616",0,0.429876455398529
"5617",0,0.24772799881156
"5618",1,0.293526925181837
"5619",0,0.0515617682199666
"5620",1,0.524279257502493
"5621",1,0.471027012658792
"5622",1,0.46192336047281
"5623",0,0.618272627898022
"5624",0,0.370738199621586
"5625",0,0.478609095709733
"5626",1,0.573943051672273
"5627",1,0.557638897662231
"5628",1,0.528132597686202
"5629",0,0.338897136530702
"5630",0,0.340824277263009
"5631",1,0.868391191313943
"5632",0,0.605887458991154
"5633",1,0.564403764873253
"5634",0,0.448267910943936
"5635",0,0.478272525236306
"5636",1,0.17300806154115
"5637",1,0.542550811355105
"5638",1,0.632619789296399
"5639",0,0.287428114399493
"5640",1,0.401744798793347
"5641",1,0.362163902891611
"5642",0,0.481163143659169
"5643",0,0.505067552002142
"5644",0,0.335922618977954
"5645",1,0.52119780889997
"5646",1,0.586599631588729
"5647",0,0.312553032281759
"5648",0,0.400563413236016
"5649",1,0.569353352867112
"5650",0,0.395872678660733
"5651",0,0.355088834216818
"5652",1,0.599294708633189
"5653",0,0.694188671171928
"5654",0,0.518309646723652
"5655",1,0.712247647207142
"5656",0,0.433094631610923
"5657",0,0.317378092131355
"5658",1,0.607619505727236
"5659",1,0.570521523346846
"5660",0,0.27423442859546
"5661",1,0.596514144962537
"5662",1,0.399078097833055
"5663",0,0.355505969554435
"5664",0,0.245186757391974
"5665",1,0.663572994751987
"5666",0,0.143618804489613
"5667",0,0.58326443327455
"5668",1,0.534039745822962
"5669",1,0.72502869804719
"5670",1,0.785172775621265
"5671",0,0.594101998753836
"5672",0,0.591646478589745
"5673",1,0.598649743346587
"5674",1,0.682546455088965
"5675",1,0.646701533205007
"5676",1,0.585953643979715
"5677",1,0.587589786293002
"5678",1,0.505768949503301
"5679",0,0.264683973161084
"5680",0,0.501393672437703
"5681",0,0.481817776943734
"5682",1,0.427281384785178
"5683",0,0.238221605235829
"5684",0,0.217480934952358
"5685",1,0.42810466437116
"5686",0,0.459781911195309
"5687",1,0.642580781957252
"5688",1,0.748620039667397
"5689",1,0.327641712886326
"5690",1,0.364666375840945
"5691",0,0.244689696270492
"5692",0,0.195677013187281
"5693",0,0.287583358181024
"5694",1,0.273144650092597
"5695",1,0.39839357919118
"5696",1,0.525465896725911
"5697",1,0.565556445584449
"5698",0,0.564007281130288
"5699",0,0.417383114709113
"5700",0,0.207526325528863
"5701",0,0.161448076257379
"5702",0,0.836916163850646
"5703",1,0.752074535112354
"5704",1,0.714141179067677
"5705",1,0.471643943553588
"5706",0,0.58561762761391
"5707",0,0.605407339055144
"5708",0,0.480962783200776
"5709",0,0.767221044813688
"5710",0,0.414460706704429
"5711",0,0.369086532475274
"5712",1,0.757802259556565
"5713",1,0.735568819430169
"5714",0,0.475241142502901
"5715",0,0.523653329064062
"5716",1,0.881555448694627
"5717",1,0.881555448694627
"5718",1,0.662506059074629
"5719",1,0.663572994751987
"5720",1,0.159357679334373
"5721",1,0.410514113511002
"5722",1,0.430893507744396
"5723",1,0.651102037094096
"5724",1,0.604229739080431
"5725",1,0.467695668849588
"5726",1,0.351724450389924
"5727",0,0.583816884575822
"5728",1,0.574613833152769
"5729",1,0.193232868965533
"5730",0,-0.0521767506685036
"5731",1,0.743562139599671
"5732",1,0.465921840535113
"5733",1,0.50819409775647
"5734",0,0.471750904245708
"5735",0,0.0407485807880567
"5736",0,0.132297815091351
"5737",0,0.53275511197944
"5738",1,0.601923463134526
"5739",1,0.902535828324591
"5740",0,0.392864184286108
"5741",1,0.485276628400329
"5742",0,0.5513271775769
"5743",0,0.563917160851101
"5744",0,0.373136457967919
"5745",1,0.267083372508243
"5746",0,0.53512175540783
"5747",0,0.477053710164751
"5748",0,0.50819409775647
"5749",0,0.304021725337887
"5750",1,0.352433911899047
"5751",0,0.218041641117815
"5752",0,0.17186713293556
"5753",0,0.20952168457552
"5754",1,0.103988581417227
"5755",1,0.151283231472258
"5756",1,0.71918152229534
"5757",0,0.598227772955831
"5758",0,0.697326705057945
"5759",0,0.371462054861055
"5760",0,0.162641326655448
"5761",0,0.362533217947214
"5762",1,0.552392188203766
"5763",1,0.58171070804776
"5764",0,0.448809168961244
"5765",1,0.764967249024909
"5766",1,0.683477493588998
"5767",1,0.731889680150159
"5768",1,0.367875994551324
"5769",1,0.326011273314165
"5770",1,0.630373340484651
"5771",1,0.710520499983363
"5772",0,0.364853924258686
"5773",1,0.362017376975336
"5774",0,0.0854755070954772
"5775",1,0.605887458991154
"5776",1,0.733268113788945
"5777",1,0.654681494543882
"5778",0,0.261975539553397
"5779",0,0.667163014187246
"5780",0,0.703662348551194
"5781",1,0.728685985068909
"5782",1,0.717394499485136
"5783",0,0.229502936764585
"5784",0,0.299117914300645
"5785",1,0.767221044813688
"5786",1,0.303748560502161
"5787",1,0.276077044224471
"5788",1,0.276740234185572
"5789",1,0.166029103218441
"5790",1,0.388270845408425
"5791",0,0.422012105130719
"5792",0,0.393242314541561
"5793",0,0.672755214641156
"5794",0,0.249214381495227
"5795",0,0.411557836571864
"5796",1,0.668982312923976
"5797",1,0.492314248904217
"5798",0,0.61780215689485
"5799",1,0.485215025645583
"5800",1,0.489724657637636
"5801",0,0.536245644573412
"5802",1,0.65412938294675
"5803",0,0.774490484333648
"5804",1,0.387845691507409
"5805",1,0.370733882918141
"5806",0,0.626130050890199
"5807",1,0.636403162041141
"5808",1,0.657383541671105
"5809",0,0.491099301008483
"5810",1,0.52119780889997
"5811",0,0.00102164784456544
"5812",0,0.14862419358998
"5813",1,0.709120378611001
"5814",1,0.68103932283459
"5815",1,0.521440907798669
"5816",0,0.465017965963322
"5817",0,0.484008775709983
"5818",1,0.547247260976265
"5819",0,0.269102769470707
"5820",0,0.680190008054415
"5821",0,0.650855891781573
"5822",1,0.680190008054415
"5823",1,0.409888072137306
"5824",1,0.37455635257872
"5825",0,0.332422392636567
"5826",0,0.503200013595112
"5827",0,0.481817776943734
"5828",1,0.474073005167999
"5829",0,0.6685155399454
"5830",0,0.53707142320378
"5831",0,0.451439812018435
"5832",0,0.559828906667518
"5833",0,0.626683855787669
"5834",1,0.329399578532148
"5835",0,0.56383182300192
"5836",1,0.6685155399454
"5837",1,0.642618355368172
"5838",0,0.586442302699464
"5839",0,0.446732687605662
"5840",0,0.315082092759623
"5841",1,0.772619891958114
"5842",1,0.687431745012962
"5843",1,0.360224783688313
"5844",1,0.593776461956604
"5845",1,0.693241380836775
"5846",1,0.675012625328632
"5847",0,0.285804146396134
"5848",0,0.231925371304218
"5849",0,0.163098108545817
"5850",1,0.276664069329097
"5851",0,0.155357730826753
"5852",0,0.489999329883425
"5853",1,0.673588891491854
"5854",1,0.525965461454775
"5855",1,0.548088922442515
"5856",0,0.473606941951946
"5857",0,0.431570037011599
"5858",0,0.437333078908765
"5859",0,0.282281146656419
"5860",0,0.304724139961409
"5861",0,0.657383541671105
"5862",0,0.24412321259792
"5863",1,0.818080169452331
"5864",1,0.486942670145903
"5865",1,0.535354856707063
"5866",1,0.359720285695199
"5867",1,0.389727017467624
"5868",1,0.795457143735727
"5869",1,0.846747700927898
"5870",1,0.389644086206717
"5871",0,0.341231899645557
"5872",0,0.50282732093141
"5873",0,0.576544784247363
"5874",1,0.515319829880043
"5875",0,0.424109661889058
"5876",0,0.423409812215072
"5877",1,0.693392361450783
"5878",1,0.741804548011944
"5879",0,0.294993070406645
"5880",0,0.543331115104729
"5881",1,0.579545766003115
"5882",1,0.584608608817614
"5883",0,0.440887072760276
"5884",0,0.528132597686202
"5885",0,0.576544784247363
"5886",0,0.423655315344029
"5887",1,0.779838742685179
"5888",1,0.828250929246339
"5889",1,0.741018259668608
"5890",1,0.755487833687457
"5891",0,0.452399072207021
"5892",0,0.437596734517558
"5893",0,0.481549889915437
"5894",0,0.324052934112235
"5895",1,0.737534620082415
"5896",0,0.0467689290447406
"5897",0,0.0559285018071716
"5898",0,0.524279257502493
"5899",0,0.497315738232212
"5900",0,0.30722603212707
"5901",0,0.128842321010231
"5902",0,0.184660561371787
"5903",1,0.0415170467896537
"5904",0,0.570033978636247
"5905",0,0.430498663737757
"5906",0,0.348276662772682
"5907",1,0.367875994551324
"5908",0,0.218631964267605
"5909",1,0.231028281949918
"5910",1,0.249290240768611
"5911",0,0.323740407900479
"5912",0,0.347639022460989
"5913",1,0.56308860613455
"5914",1,0.207048828598356
"5915",1,0.521621792075086
"5916",1,0.628751458414504
"5917",0,0.462082890028595
"5918",0,0.293286844910747
"5919",1,0.638513290964684
"5920",1,0.475523192409478
"5921",1,0.443410969686792
"5922",1,0.538093294874164
"5923",0,0.39539091996115
"5924",0,0.466640358299924
"5925",0,0.349810191820851
"5926",1,0.622754593401325
"5927",0,0.502723923449893
"5928",0,0.444877123452609
"5929",0,0.235346832416517
"5930",1,0.632728481688985
"5931",1,0.624978556697325
"5932",1,0.325490505496123
"5933",1,0.604229739080431
"5934",0,0.632728481688985
"5935",1,0.73352283103004
"5936",1,0.782887923652541
"5937",1,0.433118637176406
"5938",1,0.457919162383224
"5939",0,0.423684023740283
"5940",0,0.131177894239709
"5941",0,0.164824402824291
"5942",0,0.291003081280474
"5943",0,0.640309111026635
"5944",0,0.0581425644416971
"5945",0,0.15127955880103
"5946",0,0.670964238034364
"5947",0,0.30722603212707
"5948",0,0.166903827900939
"5949",0,0.216679054097187
"5950",1,0.579555852614027
"5951",1,0.604676440852545
"5952",1,0.335280604402474
"5953",0,0.607619505727236
"5954",0,0.596573150085397
"5955",1,0.475022097923625
"5956",1,0.462903331887653
"5957",1,0.570518086741404
"5958",1,0.595810199612098
"5959",0,0.724011685973984
"5960",0,0.661947311430385
"5961",0,0.459781911195309
"5962",1,0.644829194275615
"5963",1,0.674163310548457
"5964",0,0.362974449201534
"5965",0,0.363181611107033
"5966",1,0.478097433225612
"5967",1,0.7819350175912
"5968",1,0.628751458414504
"5969",1,0.565238224839507
"5970",1,0.658454396261061
"5971",1,0.610042209699901
"5972",0,0.309468861563445
"5973",1,0.25788736404832
"5974",0,0.587737405553719
"5975",0,0.627968039175188
"5976",0,0.388373681588989
"5977",0,0.529588205255734
"5978",0,0.51642394787505
"5979",0,0.361532667060394
"5980",0,0.429860338675146
"5981",0,0.544278159576283
"5982",0,0.625751123987297
"5983",1,0.591303564071183
"5984",1,0.590101104403524
"5985",1,0.373902692057283
"5986",0,0.335624968606232
"5987",1,0.557638897662231
"5988",1,0.509226711101071
"5989",1,0.466408796286854
"5990",1,0.480962783200776
"5991",0,0.334096543564742
"5992",0,0.240193790082626
"5993",0,0.313751716330451
"5994",0,0.571583143090408
"5995",0,0.597330261577142
"5996",0,0.137285015839719
"5997",0,0.0306460742926728
"5998",0,-0.0132704213923209
"5999",0,0.328525906391403
"6000",1,0.416712198017846
"6001",1,0.403918156115595
"6002",1,0.388932030987187
"6003",0,0.593357222152308
"6004",1,0.630787108404196
"6005",1,0.622582836867506
"6006",0,0.598700344175359
"6007",1,0.442994220331026
"6008",1,0.720100465524958
"6009",1,0.710939008826804
"6010",1,0.662526822265644
"6011",0,0.565238224839507
"6012",1,0.612231463544021
"6013",0,0.552947976693635
"6014",0,0.423853451458678
"6015",1,0.514138999354045
"6016",1,0.52119780889997
"6017",0,0.419142396808074
"6018",1,0.370730210246914
"6019",1,0.596928795189732
"6020",0,0.703093681105042
"6021",0,0.625751123987297
"6022",0,0.423853451458678
"6023",0,0.489946619471808
"6024",0,0.385755237171928
"6025",0,0.178385235355242
"6026",1,0.252155727600791
"6027",1,0.58561762761391
"6028",1,0.38983449901414
"6029",0,0.42209242311199
"6030",1,0.586599631588729
"6031",1,0.565238224839507
"6032",1,0.262120219796339
"6033",1,0.3683072269286
"6034",1,0.521475512813958
"6035",1,0.538451207825669
"6036",0,0.270196478961507
"6037",0,0.217570764366022
"6038",1,0.587074148881477
"6039",1,0.406705124141921
"6040",1,0.563732016441203
"6041",1,0.478976060964056
"6042",0,0.342147452598561
"6043",1,0.827527208496522
"6044",1,0.850178335455061
"6045",1,0.663074998784462
"6046",1,0.631777821493255
"6047",0,0.441067341134542
"6048",0,0.604727041681317
"6049",1,0.653139228242478
"6050",1,0.459781911195309
"6051",1,0.504398256554289
"6052",0,0.516369028315391
"6053",1,0.511342845213777
"6054",1,0.419914964098046
"6055",1,0.616399487673208
"6056",1,0.535976535456116
"6057",1,0.136871163341875
"6058",0,0.26550144674664
"6059",1,0.442994220331026
"6060",1,0.494784561262223
"6061",1,0.443803106522311
"6062",1,0.411557836571864
"6063",1,0.419691391459648
"6064",1,0.604424641380616
"6065",1,0.529588205255734
"6066",0,0.372444186044579
"6067",1,0.258950908842374
"6068",1,0.690101462477425
"6069",0,0.460059871333063
"6070",0,0.531849736817675
"6071",1,0.458479686172905
"6072",1,0.420699064514619
"6073",0,0.647112530736519
"6074",0,0.46649515094426
"6075",0,0.463786595813562
"6076",1,0.772472655324882
"6077",1,0.515797049198931
"6078",0,0.516874135724236
"6079",0,0.301454827659149
"6080",0,0.178756812913748
"6081",0,0.503342435738171
"6082",1,0.462903331887653
"6083",1,0.43531389978805
"6084",1,0.680189568156251
"6085",0,0.717914080784857
"6086",1,0.802441544400546
"6087",0,0.41720560717492
"6088",0,0.475052407172204
"6089",0,0.429830070740629
"6090",0,0.439431282994385
"6091",0,0.716875246349434
"6092",1,0.668463059788274
"6093",1,0.689264357562294
"6094",0,0.459982918982246
"6095",0,0.440399901320127
"6096",0,0.176631719040144
"6097",0,0.13519812688897
"6098",0,0.187406154652311
"6099",0,0.22845465529846
"6100",0,0.321862510262756
"6101",0,0.376918578942215
"6102",0,0.319841187065893
"6103",1,0.543457707576047
"6104",1,0.471643943553588
"6105",1,0.515788490727982
"6106",0,0.309152944468386
"6107",1,0.554436358262429
"6108",1,0.551754622299331
"6109",1,0.503342435738171
"6110",1,0.626335258215192
"6111",0,0.437818334148222
"6112",0,0.310262869931846
"6113",0,0.540052492846545
"6114",0,0.416568431481141
"6115",0,0.125278667409249
"6116",0,0.0192947215244973
"6117",0,0.710520499983363
"6118",0,0.228065780327535
"6119",1,0.608556445695082
"6120",1,0.504617455310427
"6121",1,0.457639290429997
"6122",1,0.333852318640844
"6123",0,0.149138331368259
"6124",1,0.683449707521447
"6125",0,0.488751355752789
"6126",0,0.184677676296857
"6127",0,0.164298282063463
"6128",0,0.337054894610509
"6129",0,0.292438549251529
"6130",0,0.0989783381000698
"6131",0,0.082834140086355
"6132",0,-0.0268758313933762
"6133",0,0.146326979867176
"6134",0,0.297702427329771
"6135",0,0.0393941773609118
"6136",1,0.516994345315242
"6137",0,0.514711008854337
"6138",0,0.337040155484084
"6139",0,0.289500002300096
"6140",0,0.394819252445413
"6141",0,0.263914061554279
"6142",0,0.412073864797108
"6143",0,0.209810089159136
"6144",1,0.673249641228743
"6145",1,0.553029641871588
"6146",0,0.613911084562715
"6147",1,0.336091161514175
"6148",1,0.497279680329112
"6149",0,0.366747350918714
"6150",0,0.424763729252539
"6151",0,0.385859475553272
"6152",1,0.564451123164873
"6153",1,0.503200013595112
"6154",0,0.509293132374084
"6155",1,0.165957837622452
"6156",0,0.701752692232517
"6157",0,0.373187058796691
"6158",1,0.782867160461526
"6159",1,0.831279347022687
"6160",0,0.366171982207048
"6161",0,0.44585160688302
"6162",0,0.593200203816535
"6163",0,0.435580655769316
"6164",0,0.300041972105257
"6165",1,0.343405256967806
"6166",0,0.254177534207132
"6167",1,0.106574988461717
"6168",0,0.217819155454778
"6169",1,0.750055967489951
"6170",0,0.234761168268947
"6171",0,0.0491949645703993
"6172",1,0.303339083071588
"6173",1,0.264434829372321
"6174",1,0.747044957174567
"6175",1,0.729451509395751
"6176",1,0.79599423010003
"6177",0,0.736235642316316
"6178",0,0.0894217271018807
"6179",1,0.498345498744697
"6180",1,0.441111736481601
"6181",1,0.618933709908007
"6182",1,0.767014309348732
"6183",1,0.815426495909892
"6184",1,0.663835460645982
"6185",0,0.284790662346467
"6186",1,0.769667982891171
"6187",1,0.721891104059337
"6188",0,0.396012507462593
"6189",1,0.522849825179658
"6190",1,0.435438260163172
"6191",1,0.437659967332416
"6192",0,0.240442181171382
"6193",0,0.174638129465829
"6194",0,0.1451318294898
"6195",1,0.42025150043485
"6196",1,0.66070819204984
"6197",1,0.689624621490538
"6198",0,0.01111109300789
"6199",1,0.539681930177375
"6200",1,0.324322442806675
"6201",1,0.538187445027569
"6202",0,0.604424641380616
"6203",1,0.721891104059337
"6204",1,0.724828853000232
"6205",0,0.39618345436576
"6206",0,0.269085371952484
"6207",0,0.263721640392233
"6208",0,0.130293385388602
"6209",0,0.362974449201534
"6210",0,0.411386635762695
"6211",0,0.265154849912876
"6212",0,0.416696081294463
"6213",1,0.545691866890272
"6214",0,0.475766700522585
"6215",1,0.524178887083745
"6216",0,0.368253373627054
"6217",1,0.628463684165974
"6218",1,0.729451509395751
"6219",1,0.409944853621554
"6220",0,0.17321187613278
"6221",1,0.702942758694889
"6222",1,0.75135494525605
"6223",0,0.486324850528668
"6224",1,0.475206835616567
"6225",1,0.495865973015122
"6226",1,0.521440907798669
"6227",0,0.702813033771019
"6228",0,0.645175077189808
"6229",0,0.225411061874532
"6230",0,0.475241142502901
"6231",0,0.369993593069756
"6232",0,0.41607184234124
"6233",0,0.199480085678996
"6234",1,0.363187285310695
"6235",0,0.821042549546837
"6236",0,0.783934096138885
"6237",0,0.187118548289026
"6238",0,0.263088826562313
"6239",0,0.161591735590011
"6240",0,0.478372249312839
"6241",0,0.521355523812751
"6242",0,0.521698277797696
"6243",0,0.408043000009596
"6244",0,0.351093778241131
"6245",1,0.636149592114879
"6246",0,0.53485224671339
"6247",1,0.41601235215774
"6248",0,0.378911240581841
"6249",1,0.559005070111275
"6250",1,0.580820823405527
"6251",0,0.454311736888733
"6252",1,0.425330765503375
"6253",0,0.391987714758966
"6254",1,0.380450157381284
"6255",1,0.630373340484651
"6256",1,0.688721297587796
"6257",0,0.550882522072028
"6258",0,0.548465765758057
"6259",0,0.608556445695082
"6260",0,0.461185378649906
"6261",0,0.451592522626483
"6262",1,0.522611344927238
"6263",1,0.749009625257605
"6264",0,0.316621229865517
"6265",0,0.68481222455177
"6266",0,0.646878868507092
"6267",0,0.891355047917765
"6268",1,0.555401152572184
"6269",1,0.806557121855488
"6270",0,0.184063324854302
"6271",0,0.128268299304853
"6272",0,0.358114947517804
"6273",0,0.0884435201570077
"6274",0,0.284557605615519
"6275",1,0.613535124869225
"6276",1,0.563732016441203
"6277",1,0.755264018292075
"6278",1,0.200710228662149
"6279",1,0.463889452784067
"6280",1,0.62837064703827
"6281",1,0.662962508425796
"6282",0,0.312201012590127
"6283",0,0.579555852614027
"6284",1,0.785776587272483
"6285",0,0.524480991105305
"6286",0,0.41205513917275
"6287",1,0.680190008054415
"6288",0,0.603149928367668
"6289",0,0.370970454528115
"6290",0,0.252957347011862
"6291",0,0.48640476431571
"6292",1,0.891355047917765
"6293",0,0.453844478613348
"6294",1,0.80549018617813
"6295",1,0.784137556910019
"6296",0,0.535559512537529
"6297",0,0.563236822597683
"6298",0,0.721391693507335
"6299",1,0.604676440852545
"6300",1,0.614662812223302
"6301",1,0.674881816287821
"6302",1,0.637783833907431
"6303",1,0.49328931001377
"6304",1,0.653340505671357
"6305",1,0.68981195780353
"6306",1,0.747044957174567
"6307",0,0.358371456386616
"6308",0,0.789665436307271
"6309",0,0.79361074261564
"6310",1,0.508631946795322
"6311",1,0.457885822944485
"6312",1,0.843191980209738
"6313",1,0.564209235760092
"6314",1,0.77320932259528
"6315",1,0.452503174681241
"6316",1,0.704454349877119
"6317",1,0.513016255960279
"6318",1,0.615160808190827
"6319",0,0.655920613924426
"6320",0,0.544321406572888
"6321",0,0.293929525612591
"6322",0,0.399078097833055
"6323",0,0.602178878330631
"6324",0,0.455117310703082
"6325",0,0.431127407137594
"6326",1,0.152733104479634
"6327",0,0.364681856242995
"6328",0,0.717533269408622
"6329",0,0.336558421394274
"6330",1,0.680190008054415
"6331",1,0.613535124869225
"6332",1,0.620288336707996
"6333",0,0.449872713755298
"6334",1,0.313910560727536
"6335",0,0.376053899447487
"6336",1,0.499676735881354
"6337",1,0.425660818606838
"6338",1,0.371979606067001
"6339",1,0.424396477246413
"6340",1,0.27277660849171
"6341",1,0.508033551519287
"6342",0,0.703177151378759
"6343",1,0.353407287843936
"6344",0,0.169161465764661
"6345",0,0.305005124817162
"6346",0,0.338897136530702
"6347",1,0.657668108743205
"6348",1,0.707950887679899
"6349",0,0.401260690688189
"6350",1,0.601923463134526
"6351",0,0.641517237163198
"6352",0,0.718181007890995
"6353",0,0.52852466046168
"6354",0,0.605026048801575
"6355",0,0.531178743546792
"6356",1,0.624430059998891
"6357",1,0.516874668499224
"6358",0,0.228027162006051
"6359",0,0.420802034420389
"6360",0,0.212403043524288
"6361",0,0.496128874993401
"6362",0,0.500280990633351
"6363",0,0.582190187190024
"6364",0,0.202309645743519
"6365",0,0.0694435999314467
"6366",0,0.587508121115049
"6367",1,0.588947306430554
"6368",0,0.647112530736519
"6369",0,0.331128488762523
"6370",1,0.657668108743205
"6371",0,0.388479352332425
"6372",1,0.533243157023545
"6373",1,0.493179817264792
"6374",0,0.431570037011599
"6375",0,0.519022961045498
"6376",1,0.612907012402048
"6377",0,-0.0263081110125066
"6378",0,0.52146927655911
"6379",0,0.431221452896744
"6380",1,0.477926232416443
"6381",1,0.415392940263794
"6382",1,0.743562139599671
"6383",0,0.291479578342962
"6384",0,0.551716509698634
"6385",0,0.561690392841316
"6386",0,0.482003272447174
"6387",0,0.433308923044171
"6388",0,0.757802259556565
"6389",1,0.55345573299782
"6390",1,0.722375024504751
"6391",1,0.745026151463291
"6392",1,0.188728919927178
"6393",1,0.345802738821601
"6394",1,0.81310307167167
"6395",1,0.72502869804719
"6396",1,0.739498272066038
"6397",1,0.642792460168982
"6398",1,0.65412938294675
"6399",1,0.364666375840945
"6400",0,0.548088922442515
"6401",0,0.495045521014886
"6402",1,0.419119540718638
"6403",0,0.45576072907088
"6404",0,0.541586210043488
"6405",0,0.490035756214429
"6406",0,0.503200013595112
"6407",0,0.529328159201105
"6408",1,0.675012625328632
"6409",0,0.733903642406275
"6410",1,0.693392361450783
"6411",1,0.731743404327605
"6412",0,0.0402673809904068
"6413",0,0.0228117945820201
"6414",1,0.750618013844788
"6415",1,0.604667596660293
"6416",0,0.63024253144384
"6417",0,0.750586296878676
"6418",1,0.641243262569989
"6419",0,0.238825363980744
"6420",0,0.182784835302338
"6421",1,0.423939144411692
"6422",0,0.455082195421338
"6423",0,0.33953949103704
"6424",0,0.548918075015981
"6425",0,0.557638897662231
"6426",0,0.476427668791054
"6427",0,0.474057071788492
"6428",0,0.315495559069404
"6429",1,0.468815260053315
"6430",0,0.283888497748386
"6431",0,-0.0288680783360015
"6432",0,0.297602048370014
"6433",0,0.266842687897553
"6434",0,0.357550629568878
"6435",0,0.34256450444047
"6436",1,0.466395797792324
"6437",1,0.448809168961244
"6438",1,0.667163014187246
"6439",1,0.568842628684848
"6440",0,0.428556973629084
"6441",0,0.425718088965606
"6442",0,0.257829746306772
"6443",0,0.280337557865378
"6444",1,0.675762253959082
"6445",0,0.434271662114433
"6446",1,0.404045022465464
"6447",1,0.627299466569149
"6448",0,0.610360431270323
"6449",0,0.453844478613348
"6450",0,0.495808064127923
"6451",0,0.494445024492836
"6452",1,0.291025534375798
"6453",1,0.538411516444586
"6454",0,0.328525906391403
"6455",1,0.597819906504098
"6456",1,0.669069344842872
"6457",0,0.424597273812785
"6458",0,0.330868294199058
"6459",0,0.494784561262223
"6460",0,0.461973426341928
"6461",1,0.546079190352503
"6462",0,0.528132597686202
"6463",0,0.423373152502186
"6464",0,0.627968039175188
"6465",0,0.587737405553719
"6466",1,0.44585160688302
"6467",1,0.755487833687457
"6468",1,0.776840462955568
"6469",1,0.646562747978506
"6470",1,0.613650411400667
"6471",1,0.318041636370811
"6472",1,0.366453822931971
"6473",1,0.22159644186214
"6474",1,0.170568155169461
"6475",0,0.520290029507947
"6476",0,0.32003879993323
"6477",0,0.278346262399257
"6478",0,0.167603677574925
"6479",0,0.215561517591056
"6480",0,0.48149140803989
"6481",0,0.232000749923319
"6482",0,0.612231463544021
"6483",1,0.731743404327605
"6484",1,0.714141179067677
"6485",0,0.719949730774548
"6486",0,0.596760486398389
"6487",1,0.565556445584449
"6488",0,0.595652755154187
"6489",1,0.67831505604264
"6490",0,0.391012068588578
"6491",0,0.487641539410713
"6492",0,0.349324069136676
"6493",0,0.467821593486469
"6494",1,0.634572699689232
"6495",0,0.106446011792078
"6496",0,0.22280536371434
"6497",1,0.262911567765587
"6498",1,0.269102769470707
"6499",1,0.414993755320166
"6500",1,0.361532667060394
"6501",1,0.43738209253704
"6502",1,0.624198497985821
"6503",1,0.531477294987639
"6504",1,0.605745876746753
"6505",1,0.689980266594873
"6506",1,0.811565748117039
"6507",0,0.621917734349793
"6508",1,0.376789055015743
"6509",0,0.548783987328479
"6510",1,0.542891377510023
"6511",0,0.233988749487811
"6512",1,0.377184830143703
"6513",1,0.48140273786834
"6514",0,0.236050124114544
"6515",1,0.360251379730431
"6516",0,0.14750665708385
"6517",0,0.189783920863631
"6518",1,0.616068907205859
"6519",0,0.455082195421338
"6520",1,0.485215025645583
"6521",0,0.354588404340892
"6522",1,0.49426379344418
"6523",1,0.744559599372718
"6524",0,0.232321998916042
"6525",0,0.244305274454048
"6526",0,0.674423983710505
"6527",1,0.361475885576146
"6528",0,0.521621792075086
"6529",1,0.636158150585828
"6530",1,0.675762253959082
"6531",0,0.0360307071897159
"6532",0,-0.0161773205736248
"6533",0,0.422265075883636
"6534",1,0.660252263285851
"6535",0,0.528889870264088
"6536",0,0.161418269429854
"6537",1,0.684570337146989
"6538",0,0.463786595813562
"6539",1,0.504398256554289
"6540",1,0.658998380778121
"6541",0,0.486942670145903
"6542",0,0.108221440119312
"6543",0,0.0911589734404628
"6544",0,0.0455350707140082
"6545",0,0.187595524973244
"6546",1,0.313500182360197
"6547",0,0.518523918921399
"6548",0,0.0335361282274601
"6549",0,0.525465896725911
"6550",1,0.588849665737171
"6551",1,0.571152037747142
"6552",1,0.718631660332306
"6553",0,0.415090577750911
"6554",0,0.396861822242768
"6555",0,0.36270136791527
"6556",0,0.590101104403524
"6557",0,0.165447008008377
"6558",1,0.348236993276506
"6559",1,0.321973323680212
"6560",0,0.275640747551074
"6561",0,0.271094455846136
"6562",1,0.810584740813763
"6563",1,0.636400037990609
"6564",1,0.689624621490538
"6565",0,0.207280611499429
"6566",0,0.250609353141218
"6567",0,0.299117914300645
"6568",1,0.337040155484084
"6569",0,0.363340552310888
"6570",1,0.158845696353745
"6571",1,0.319463807990164
"6572",1,0.359621122185863
"6573",0,0.773977970972653
"6574",0,0.495045521014886
"6575",1,0.789198884216699
"6576",1,0.703093681105042
"6577",1,0.703980754823416
"6578",1,0.572975495683765
"6579",1,0.575173995381491
"6580",0,0.607508427363266
"6581",0,0.655920613924426
"6582",1,0.823095838677012
"6583",1,0.658475156324685
"6584",0,0.442994328121312
"6585",1,0.591303564071183
"6586",1,0.583710786663018
"6587",0,0.515802842981395
"6588",1,0.84449390513912
"6589",0,0.330058696989377
"6590",1,0.588849665737171
"6591",0,0.216051757000408
"6592",1,0.445219349763035
"6593",0,0.221274845959068
"6594",0,0.179864471266937
"6595",1,0.670964238034364
"6596",1,0.751146923851275
"6597",1,0.52014193003257
"6598",1,0.57467283827563
"6599",1,0.595407714776637
"6600",1,0.29752884463174
"6601",1,0.348311628195462
"6602",0,0.304607777820545
"6603",0,0.226797421916403
"6604",0,0.644829194275615
"6605",1,0.598649743346587
"6606",1,0.697954057317458
"6607",0,0.384795930759219
"6608",1,0.389856292435113
"6609",1,0.703662348551194
"6610",1,0.785172775621265
"6611",0,0.373096291672071
"6612",0,0.38502308498517
"6613",0,0.213310349287903
"6614",0,0.399078097833055
"6615",0,0.28522079557662
"6616",1,0.604424641380616
"6617",0,0.215926449419422
"6618",0,0.374423459875325
"6619",1,0.523653329064062
"6620",0,0.489724657637636
"6621",1,0.608240653330514
"6622",1,0.713827672446746
"6623",1,0.508601993331079
"6624",1,0.470042107038186
"6625",0,0.522219680570355
"6626",1,0.762553365628837
"6627",1,0.703662348551194
"6628",0,0.535354856707063
"6629",1,0.492200415260587
"6630",1,0.33567055521797
"6631",1,0.442994220331026
"6632",0,0.38688395010546
"6633",0,0.33512858836324
"6634",0,0.459895143029155
"6635",0,0.489917994114744
"6636",1,0.39839357919118
"6637",1,0.360251379730431
"6638",1,0.319260323440686
"6639",0,0.262189811751144
"6640",0,0.0280695396967041
"6641",1,0.569549468415662
"6642",0,0.158845696353745
"6643",0,0.502723923449893
"6644",1,0.704454349877119
"6645",0,0.218115135184002
"6646",0,0.542550811355105
"6647",1,0.567913652965651
"6648",0,0.670964238034364
"6649",0,0.650855891781573
"6650",0,0.644539988470642
"6651",0,0.385347717847968
"6652",0,0.733903642406275
"6653",1,0.416003951784531
"6654",0,0.364966995153664
"6655",1,0.402690616692466
"6656",0,0.221155056566515
"6657",1,0.437178492099753
"6658",1,0.772678993206555
"6659",0,0.636158150585828
"6660",1,0.604424641380616
"6661",1,0.506172084868764
"6662",1,0.482525004278508
"6663",1,0.511279643143905
"6664",0,0.607508427363266
"6665",0,0.693241380836775
"6666",0,0.6217547738246
"6667",1,0.721891104059337
"6668",1,0.517220025932178
"6669",0,0.466216504275877
"6670",0,0.5401899053927
"6671",1,0.622582836867506
"6672",1,0.657383541671105
"6673",0,0.555401152572184
"6674",0,0.485215025645583
"6675",0,0.267857553729833
"6676",0,0.47600894615859
"6677",0,0.44583945622146
"6678",0,0.295955403175496
"6679",0,0.334896316587648
"6680",1,0.514823440977191
"6681",1,0.495462128146241
"6682",1,0.724828853000232
"6683",1,0.806557121855488
"6684",1,0.552486581897089
"6685",1,0.147964676300107
"6686",1,0.404045022465464
"6687",1,0.358114947517804
"6688",1,0.434376640419611
"6689",0,0.43878507075412
"6690",0,0.00452904354791966
"6691",0,-0.017257919392827
"6692",0,0.824815451264016
"6693",0,0.382838912208215
"6694",0,0.599690498879632
"6695",0,0.397659249225686
"6696",1,0.28478698967524
"6697",0,0.459781911195309
"6698",0,0.497433104398145
"6699",0,0.313751716330451
"6700",0,0.526173320508802
"6701",1,0.574585507069962
"6702",0,0.401960244083033
"6703",0,0.320229854921771
"6704",0,0.293929525612591
"6705",0,0.353019964381705
"6706",0,0.456694424016731
"6707",0,0.173659922520956
"6708",0,0.187604167949133
"6709",1,0.414458253720231
"6710",1,0.340067165771265
"6711",0,0.134117528069768
"6712",0,0.468743129272087
"6713",1,0.655920613924426
"6714",1,0.664742638228221
"6715",1,0.333686941403677
"6716",0,0.717914080784857
"6717",0,0.638691932922463
"6718",1,0.958617358478349
"6719",1,0.497433104398145
"6720",0,0.207737393389798
"6721",1,0.521137281854501
"6722",0,0.373599918569558
"6723",0,0.404662086259988
"6724",0,0.299899441634302
"6725",0,0.345068997815727
"6726",1,0.838256257091452
"6727",0,0.285804146396134
"6728",0,0.27559057007779
"6729",0,0.259678005172481
"6730",0,0.413532863529495
"6731",1,0.477053710164751
"6732",1,0.50819409775647
"6733",1,0.435376275040128
"6734",1,0.370099501615645
"6735",1,0.713222342160318
"6736",0,0.309624405938484
"6737",0,0.264381530331288
"6738",1,0.769902972143195
"6739",0,0.327870029397537
"6740",1,0.331891406614037
"6741",0,0.441654501102721
"6742",1,0.393242314541561
"6743",0,0.578801385097144
"6744",0,0.497667003791343
"6745",0,0.535354856707063
"6746",1,0.691518153351073
"6747",1,0.423409812215072
"6748",0,0.573226162364071
"6749",1,0.408231636626798
"6750",1,0.929967635255787
"6751",1,0.680505360520818
"6752",0,0.717394499485136
"6753",1,0.502109154896187
"6754",1,0.363754321561531
"6755",0,0.178248620038088
"6756",0,0.224044706467729
"6757",1,0.559267975681018
"6758",1,0.772619891958114
"6759",1,0.68103932283459
"6760",0,0.435262797227881
"6761",1,0.598820420908442
"6762",0,0.271394219610013
"6763",1,0.443370915054306
"6764",0,0.0534316383710901
"6765",0,0.246237005313631
"6766",0,0.566794203096426
"6767",0,0.601386064483952
"6768",0,0.366984916967203
"6769",0,0.493134628881255
"6770",1,0.696010153250913
"6771",1,0.613028823899224
"6772",0,0.284458252463583
"6773",0,0.337501653891212
"6774",1,0.449959372487171
"6775",1,0.506172084868764
"6776",1,0.474672873302796
"6777",1,0.43761678103677
"6778",1,0.411488635430778
"6779",0,0.691176545488206
"6780",1,0.72660378054002
"6781",0,0.376318996118199
"6782",1,0.75135494525605
"6783",0,0.295248637985198
"6784",0,-0.0257949546001312
"6785",1,0.538093294874164
"6786",0,0.331665870599717
"6787",0,0.650591064891792
"6788",1,0.676752408663355
"6789",1,0.541231739897708
"6790",1,0.576544784247363
"6791",1,0.556264254291385
"6792",0,0.363754321561531
"6793",0,0.356249899698828
"6794",0,0.046811451617223
"6795",0,0.227950526808565
"6796",0,0.0900654677461863
"6797",0,0.420119371364149
"6798",1,0.376530691458018
"6799",1,0.691279244360972
"6800",1,0.795242917674718
"6801",1,0.741804548011944
"6802",0,0.385394591130551
"6803",0,0.684855927227785
"6804",1,0.20750892801064
"6805",1,0.501580240282332
"6806",1,0.65412938294675
"6807",1,0.328659816450087
"6808",1,0.739789237882492
"6809",0,0.465122508378043
"6810",0,0.298385052957303
"6811",0,0.506172084868764
"6812",1,0.417383114709113
"6813",0,0.647597966689752
"6814",0,0.732458886786088
"6815",1,0.846747700927898
"6816",1,0.868981141054294
"6817",0,0.224787302113814
"6818",0,0.196703908957275
"6819",1,0.608240653330514
"6820",0,0.549140792836799
"6821",1,0.353711903781102
"6822",1,0.669501894223696
"6823",0,0.525965461454775
"6824",0,0.46924067953123
"6825",0,0.684570337146989
"6826",1,0.602178878330631
"6827",1,0.642618355368172
"6828",1,0.638513290964684
"6829",0,0.62010335338424
"6830",0,0.478609095709733
"6831",1,0.75135494525605
"6832",0,0.474437638618498
"6833",1,0.603361096586562
"6834",1,0.741018259668608
"6835",1,0.665856384466411
"6836",1,0.366397690123947
"6837",0,0.193047331698079
"6838",0,0.313949924484166
"6839",1,0.328763865909388
"6840",1,0.265654157354688
"6841",1,0.551754622299331
"6842",0,0.489724657637636
"6843",0,0.260749569118581
"6844",1,0.360953847385056
"6845",0,0.530790664923393
"6846",1,0.75135494525605
"6847",1,0.587589786293002
"6848",1,0.589028971608508
"6849",1,0.40736826119672
"6850",0,0.619977980241885
"6851",0,0.356428942486132
"6852",0,0.429514045855283
"6853",1,0.59019292571781
"6854",1,0.619569238525336
"6855",1,0.730159501258181
"6856",1,0.289047656559697
"6857",1,0.545602431769785
"6858",1,0.506043765590528
"6859",0,0.456596360318122
"6860",0,0.301004304874108
"6861",1,0.72660378054002
"6862",0,0.516113907643981
"6863",0,0.218041641117815
"6864",0,0.117545651061292
"6865",0,0.578752519838715
"6866",1,0.651672705506064
"6867",0,0.291669396623205
"6868",0,0.40736826119672
"6869",1,0.477208980442252
"6870",1,0.458622775432136
"6871",1,0.480632270511939
"6872",1,0.419985917805785
"6873",1,0.411025132633108
"6874",1,0.571876150146836
"6875",1,0.70417798596272
"6876",1,0.75259017252388
"6877",0,0.613650411400667
"6878",0,0.728917547081979
"6879",0,0.70417798596272
"6880",0,0.578887280007989
"6881",1,0.612815951434414
"6882",0,0.54485582456607
"6883",0,0.510141131262452
"6884",0,0.362043835525016
"6885",1,0.462009592035315
"6886",1,0.728917547081979
"6887",0,0.398631661562616
"6888",0,0.365647819691821
"6889",0,0.310860351509847
"6890",0,0.263015095999016
"6891",0,0.308184652180442
"6892",0,0.25910927565818
"6893",0,0.162486540470485
"6894",0,0.355725479229888
"6895",0,0.216633758176359
"6896",0,0.132426554107854
"6897",1,0.512641822979876
"6898",0,0.326011273314165
"6899",0,0.362163902891611
"6900",0,0.369500632711201
"6901",0,0.186640107720704
"6902",0,0.13899242288118
"6903",1,0.788201424443652
"6904",1,0.767221044813688
"6905",0,0.0370633205343168
"6906",0,0.276542318472982
"6907",0,0.495212398942313
"6908",0,0.498172866480206
"6909",1,0.574929953681356
"6910",1,0.677022542945923
"6911",1,0.575649051864016
"6912",0,0.728917547081979
"6913",0,0.0319227669451485
"6914",0,0.326024454123906
"6915",1,0.507696744840326
"6916",0,0.657668108743205
"6917",0,0.484115422948429
"6918",1,0.766593194452155
"6919",0,0.744559599372718
"6920",1,0.188438767996912
"6921",0,0.259133660372383
"6922",1,0.683331217766444
"6923",1,0.528202813795882
"6924",0,0.502190950086307
"6925",1,0.491870362157124
"6926",1,0.657566542439647
"6927",1,0.59019292571781
"6928",1,0.324052934112235
"6929",1,0.502723923449893
"6930",0,0.0523473668806603
"6931",1,0.439431282994385
"6932",1,0.300440933033492
"6933",1,0.328067642264873
"6934",0,0.223344856793743
"6935",1,0.398431003267786
"6936",1,0.384682445049762
"6937",1,0.50819409775647
"6938",0,0.25021923683656
"6939",0,0.429830070740629
"6940",0,0.437988905083322
"6941",1,0.565556445584449
"6942",1,0.606204766038062
"6943",1,0.348750149688882
"6944",0,0.20574878285834
"6945",0,0.457862755278109
"6946",0,0.455117310703082
"6947",0,0.551754622299331
"6948",0,0.474582737405047
"6949",0,0.54404512512718
"6950",1,0.589584320435129
"6951",1,0.502167400250511
"6952",1,0.364811283872968
"6953",1,0.750305086343084
"6954",0,0.699952031494849
"6955",0,0.12484130641627
"6956",1,0.691909244919928
"6957",1,0.866389046488258
"6958",1,0.548088922442515
"6959",1,0.618750827626086
"6960",1,0.229183898898159
"6961",0,0.204316677571675
"6962",0,0.586599631588729
"6963",1,0.520290029507947
"6964",0,0.308158385179609
"6965",1,0.561428442521439
"6966",0,0.125542104347182
"6967",0,-0.0164763920591706
"6968",1,0.502462561586884
"6969",1,0.547104016821909
"6970",0,0.789844070530292
"6971",0,0.482525004278508
"6972",0,0.366046067159071
"6973",0,0.442762094028601
"6974",1,0.519153990950616
"6975",0,0.295342836067064
"6976",0,0.302994117669311
"6977",0,0.348236993276506
"6978",0,0.247153006868494
"6979",1,0.437431478090005
"6980",0,0.34384667139139
"6981",1,0.258767909509868
"6982",0,0.102621869110912
"6983",1,0.589933414845252
"6984",1,0.591835724186897
"6985",0,0.14910944698064
"6986",0,0.360004606525928
"6987",1,0.302961036057452
"6988",0,0.0402673809904068
"6989",0,0.22408427200328
"6990",1,0.49426379344418
"6991",1,0.44585160688302
"6992",1,0.417688528761755
"6993",0,0.420144048925847
"6994",0,0.578887280007989
"6995",0,0.568702216069107
"6996",1,0.486409621530166
"6997",0,0.48149140803989
"6998",0,0.232522852882218
"6999",0,0.255185521871365
"7000",1,0.293008898777387
"7001",1,0.205437973775779
"7002",0,0.485276628400329
"7003",0,0.434112817717348
"7004",1,0.565556445584449
"7005",0,0.425660818606838
"7006",0,0.35757006523531
"7007",1,0.55380220916156
"7008",1,0.732836258127058
"7009",1,0.248729878084066
"7010",1,0.491823156247952
"7011",0,0.225874726005306
"7012",1,0.524480991105305
"7013",0,0.288370072868249
"7014",0,0.269379263121588
"7015",0,0.219579469822734
"7016",1,0.421988784723936
"7017",0,0.470400971285096
"7018",1,0.386572820721486
"7019",1,0.580751194956084
"7020",0,0.63024253144384
"7021",1,0.604667596660293
"7022",0,0.694188671171928
"7023",1,0.300958438756297
"7024",1,0.597033398098239
"7025",1,0.408667238962819
"7026",0,0.292687246840621
"7027",0,0.0621906322851752
"7028",0,0.399676907622129
"7029",1,0.521440907798669
"7030",0,0.715567489347778
"7031",0,0.663452254105346
"7032",0,0.453743385938199
"7033",1,0.731743404327605
"7034",1,0.413120613463623
"7035",1,0.630122894608921
"7036",1,0.616525353967245
"7037",0,0.447794430442525
"7038",0,0.229481805136907
"7039",0,0.625369648266179
"7040",1,0.693587263750968
"7041",1,0.594206168807012
"7042",0,0.327384227606181
"7043",1,0.564007281130288
"7044",1,0.528825549207432
"7045",1,0.371335378621721
"7046",0,0.38534761478938
"7047",0,0.211390505714425
"7048",1,0.529374969761937
"7049",0,0.55380220916156
"7050",0,0.496164252580348
"7051",0,0.0244208262205842
"7052",0,-0.018279268680863
"7053",0,0.555627637432257
"7054",0,0.313231437749925
"7055",0,0.270322988306926
"7056",1,0.287110903186603
"7057",1,0.240015446993769
"7058",0,0.230530453616876
"7059",0,0.581844725896731
"7060",0,0.550603136647467
"7061",0,0.568903256175397
"7062",0,0.489681108313004
"7063",1,0.658772617831483
"7064",0,0.602178878330631
"7065",0,0.448267910943936
"7066",0,0.478476048904701
"7067",0,0.530134077864573
"7068",0,0.33936177154072
"7069",0,0.458183989273006
"7070",0,0.451868085962075
"7071",1,0.475022097923625
"7072",1,0.523434284484785
"7073",1,0.735568819430169
"7074",1,0.757802259556565
"7075",0,0.368253373627054
"7076",1,0.422012105130719
"7077",1,0.376351542691379
"7078",1,0.428148213695793
"7079",1,0.588759277224103
"7080",1,0.687431745012962
"7081",0,0.219358595501535
"7082",0,0.223618208787226
"7083",1,0.534320393156985
"7084",0,0.565238224839507
"7085",0,0.348454158666418
"7086",0,0.266842687897553
"7087",0,0.495632938566019
"7088",0,0.692741970284773
"7089",0,0.246965333712059
"7090",1,0.294112715055633
"7091",1,0.335523089747763
"7092",1,0.731743404327605
"7093",1,0.793340608333072
"7094",0,0.610042209699901
"7095",0,0.678785527045811
"7096",0,0.157528726856207
"7097",0,0.143245531264654
"7098",0,0.635686894529281
"7099",1,0.388865609714174
"7100",1,0.661230470230724
"7101",0,0.306746256417891
"7102",0,0.352406818857231
"7103",0,0.393361004311198
"7104",0,0.305659083059259
"7105",1,0.410456022086177
"7106",0,0.621941341669229
"7107",1,0.487518105545848
"7108",0,0.175581471118487
"7109",1,0.599739364138061
"7110",1,0.602013923117854
"7111",0,0.358652942833184
"7112",0,0.777907398632926
"7113",0,0.729495212071766
"7114",1,0.789967532594072
"7115",0,0.360255052401659
"7116",0,0.419146069479302
"7117",0,0.627968039175188
"7118",0,0.426725762020577
"7119",0,0.379037608319502
"7120",1,0.56381927698286
"7121",0,0.597330261577142
"7122",1,0.424109661889058
"7123",1,0.538719597408524
"7124",0,0.218233152534695
"7125",0,0.15679188782142
"7126",0,0.131144122486622
"7127",0,0.295076569969508
"7128",0,0.236053796785771
"7129",1,0.497667003791343
"7130",0,0.442596471690197
"7131",0,0.404045022465464
"7132",1,0.520056130114749
"7133",0,0.366598106700528
"7134",0,0.101587316063439
"7135",0,0.17517817336154
"7136",0,0.489724657637636
"7137",0,0.479539593698755
"7138",0,0.405527905251441
"7139",1,0.789665436307271
"7140",1,0.613650411400667
"7141",1,0.569860441336861
"7142",0,0.402735812268069
"7143",0,0.584166228211851
"7144",1,0.327797386454428
"7145",1,0.722581759969707
"7146",0,0.350980795908901
"7147",0,0.550603136647467
"7148",1,0.542891377510023
"7149",1,0.540052492846545
"7150",0,0.319280808657658
"7151",0,0.632580747008161
"7152",0,0.299261763244986
"7153",1,0.299108223038073
"7154",1,0.766593194452155
"7155",0,0.597552979397959
"7156",1,0.559828466769354
"7157",0,0.33567055521797
"7158",0,0.369317063802553
"7159",0,0.456183682860465
"7160",0,0.25788736404832
"7161",0,0.303339083071588
"7162",1,0.462903331887653
"7163",1,0.333061427912084
"7164",1,0.733903642406275
"7165",1,0.763153561555879
"7166",1,0.750817858891746
"7167",1,0.475766700522585
"7168",1,0.358675056493006
"7169",0,0.456876634381695
"7170",0,0.234797341592155
"7171",0,0.147610883355252
"7172",0,0.37105713786381
"7173",1,0.642792460168982
"7174",0,0.301132913348098
"7175",0,0.304236172425888
"7176",0,0.425366823406476
"7177",0,0.648602095992794
"7178",1,0.658475156324685
"7179",0,0.885328350411806
"7180",0,0.881555448694627
"7181",0,0.875939395057682
"7182",0,0.433094631610923
"7183",0,0.529588205255734
"7184",1,0.61396863214561
"7185",1,0.478372249312839
"7186",0,0.651492506166595
"7187",0,0.25024999385981
"7188",0,0.499237342411361
"7189",1,0.670769335734179
"7190",0,0.689624621490538
"7191",0,0.689116791688649
"7192",0,0.724961713572607
"7193",0,0.237872153809513
"7194",0,0.0483060225495228
"7195",0,0.258297004582157
"7196",1,0.536823309563198
"7197",1,0.662962508425796
"7198",1,0.587536201765583
"7199",0,0.442891139345127
"7200",0,0.514493387873727
"7201",0,0.514711008854337
"7202",1,0.516994345315242
"7203",0,0.429829962950342
"7204",1,0.498140051919245
"7205",0,0.505043546436659
"7206",0,0.578000391816894
"7207",1,0.773337575083117
"7208",0,0.601358951760877
"7209",1,0.607619505727236
"7210",0,0.0934992108869922
"7211",1,0.291178544215765
"7212",1,0.144368252975517
"7213",1,0.550755623402806
"7214",1,0.499050694507658
"7215",1,0.446032837931676
"7216",1,0.630373340484651
"7217",1,0.693241380836775
"7218",1,0.383811814245144
"7219",1,0.492667722512327
"7220",0,0.461185378649906
"7221",1,0.592793723402484
"7222",1,0.302004464408661
"7223",1,0.342404834250198
"7224",1,0.344656864576425
"7225",1,0.34850096922725
"7226",0,0.696179129777669
"7227",0,0.377890991279145
"7228",1,0.649541870756297
"7229",0,0.435262797227881
"7230",0,0.481893768447291
"7231",1,0.516412310409047
"7232",0,0.491406406892186
"7233",1,0.471027012658792
"7234",1,0.58561762761391
"7235",0,0.438360710355684
"7236",0,0.520321383445072
"7237",1,0.668982312923976
"7238",1,0.62308502483679
"7239",0,0.5187628279115
"7240",0,0.561508580894946
"7241",0,0.525023187646886
"7242",1,0.741804548011944
"7243",0,0.502580679295537
"7244",1,0.647112530736519
"7245",1,0.654681494543882
"7246",0,0.266019682332745
"7247",1,0.304297405783796
"7248",1,0.57467283827563
"7249",0,0.20986026281854
"7250",0,0.247203686622735
"7251",0,0.0858140807193865
"7252",1,0.503494381982498
"7253",1,0.467376304166822
"7254",1,0.515319829880043
"7255",1,0.786640062178706
"7256",1,0.750586296878676
"7257",0,0.477053710164751
"7258",0,0.516412310409047
"7259",1,0.788914621158499
"7260",1,0.824341856210314
"7261",0,0.451646375928029
"7262",1,0.307313292668727
"7263",0,0.664617265085866
"7264",0,0.32203910634577
"7265",1,0.362277007516835
"7266",1,0.771450301735399
"7267",0,0.171613941855586
"7268",1,0.650495179251471
"7269",0,0.391987714758966
"7270",1,0.435651353432558
"7271",0,0.391299370496797
"7272",0,0.569549468415662
"7273",0,0.271821533035809
"7274",1,0.362163902891611
"7275",0,0.609287216450862
"7276",1,0.735568819430169
"7277",0,0.388296269813454
"7278",0,0.331665870599717
"7279",0,0.10845734389485
"7280",1,0.550237556785426
"7281",1,0.415609739372096
"7282",1,0.435438260163172
"7283",1,0.639784786721917
"7284",0,0.127622295961498
"7285",1,0.585536086794676
"7286",1,0.554948910025402
"7287",0,0.556613862240415
"7288",0,0.556010050589198
"7289",1,0.288155800670502
"7290",1,0.429627162001632
"7291",0,0.243723273278098
"7292",1,0.679568420552973
"7293",1,0.336560297595238
"7294",0,0.00829161973439965
"7295",1,0.553991974640439
"7296",0,0.455082195421338
"7297",0,0.405527905251441
"7298",0,0.475046613389739
"7299",1,0.479539593698755
"7300",1,0.405527905251441
"7301",1,0.681012727571301
"7302",1,0.570724984117981
"7303",1,0.584316295127825
"7304",0,0.483850446724333
"7305",0,0.337912188861257
"7306",0,0.663835460645982
"7307",0,0.573529155108069
"7308",0,0.474949505727789
"7309",1,0.445659185720974
"7310",1,0.415354171793542
"7311",0,0.496164252580348
"7312",1,0.50819409775647
"7313",1,0.388336108178069
"7314",0,0.533243157023545
"7315",0,0.212148826768207
"7316",1,0.688901986508413
"7317",0,0.689624621490538
"7318",0,0.351282842166691
"7319",0,0.245559762844629
"7320",1,0.604424641380616
"7321",1,0.546995528215476
"7322",1,0.497433104398145
"7323",1,0.389446473339381
"7324",0,0.384037155167392
"7325",1,0.608971355109944
"7326",0,0.622552051473204
"7327",0,0.563732016441203
"7328",1,0.751604064109183
"7329",1,0.770205069255474
"7330",0,0.429329244639914
"7331",0,0.702338687856003
"7332",1,0.626856001201046
"7333",1,0.414458253720231
"7334",0,0.350665911271895
"7335",0,0.278319107293559
"7336",1,0.347669272895637
"7337",0,0.476560400256953
"7338",0,0.443467102494816
"7339",0,0.0751827484917656
"7340",0,0.0699250033770816
"7341",1,0.00257027051790454
"7342",1,0.320404158930964
"7343",0,0.390790562261678
"7344",1,0.584166228211851
"7345",1,0.707075647126296
"7346",1,0.590487447456579
"7347",0,0.455082195421338
"7348",0,0.554181136064462
"7349",0,0.362974449201534
"7350",0,0.379535601431629
"7351",0,0.385644777818613
"7352",1,0.958617358478349
"7353",1,0.910205171917189
"7354",1,0.546079190352503
"7355",0,0.497667003791343
"7356",1,0.526517767120195
"7357",0,0.357565131029546
"7358",0,0.319778413836409
"7359",1,0.23376639212522
"7360",1,0.510012239097754
"7361",0,0.520056130114749
"7362",0,0.309495497741944
"7363",0,0.309959269825455
"7364",0,0.150816854022101
"7365",1,0.348311628195462
"7366",1,0.299899441634302
"7367",1,0.292862369047231
"7368",0,0.190769624823507
"7369",1,0.616658267445923
"7370",0,0.269907108228538
"7371",0,0.504398256554289
"7372",0,0.749434042608023
"7373",1,0.783145093137264
"7374",1,0.533998701767111
"7375",1,0.54475757863331
"7376",0,0.266062152815642
"7377",1,0.495707805818962
"7378",0,0.361532667060394
"7379",1,0.419142396808074
"7380",1,0.576330852029367
"7381",0,0.509272002239917
"7382",1,0.486388833192636
"7383",0,0.620298255684425
"7384",0,0.354263690782465
"7385",1,0.654681494543882
"7386",1,0.674163310548457
"7387",0,0.716875246349434
"7388",1,0.740649438094893
"7389",1,0.442687114447322
"7390",1,0.479539593698755
"7391",1,0.472070735719654
"7392",0,0.45890647833897
"7393",0,0.392864184286108
"7394",0,0.401744798793347
"7395",1,0.450156985354507
"7396",1,0.496952718981971
"7397",1,0.67678283359943
"7398",0,0.507606937788291
"7399",0,0.451222041703511
"7400",0,0.303048710828175
"7401",1,0.663505029210517
"7402",1,0.935994332761745
"7403",0,0.33185524092065
"7404",1,0.384689798932207
"7405",1,0.359778211985085
"7406",1,0.2593137466154
"7407",0,0.555663695335357
"7408",1,0.742136948653572
"7409",1,0.766458822940687
"7410",0,0.538136844198797
"7411",1,0.56210814745197
"7412",1,0.46276254093991
"7413",1,0.506298009505646
"7414",1,0.74459131633883
"7415",1,0.641153429806518
"7416",0,0.463146153034725
"7417",1,0.403419762292794
"7418",0,0.240263652148868
"7419",0,0.604727041681317
"7420",1,0.473028721237509
"7421",1,0.580100362863243
"7422",0,0.584524096673263
"7423",0,0.0115115932222876
"7424",0,-0.034566656049196
"7425",0,0.00297455801498345
"7426",0,0.383535689111542
"7427",1,0.67678283359943
"7428",0,0.53861346548979
"7429",1,0.648602095992794
"7430",1,0.62308502483679
"7431",0,0.407975109452887
"7432",1,0.548101958401377
"7433",0,0.102570581817507
"7434",0,0.484063539993719
"7435",0,0.610584281882764
"7436",1,0.316269740290993
"7437",1,0.745204785686311
"7438",1,0.793616972247472
"7439",1,0.51766800608149
"7440",1,0.293840575992104
"7441",0,0.36559816927973
"7442",0,0.299030013623774
"7443",0,0.214067976280458
"7444",0,0.619688903781586
"7445",0,0.712247647207142
"7446",0,0.644829194275615
"7447",0,0.674163310548457
"7448",0,0.43493459953544
"7449",1,0.614473130917553
"7450",1,0.618933709908007
"7451",0,0.304995101282776
"7452",0,0.689624621490538
"7453",0,0.641212434929378
"7454",1,0.563717315804143
"7455",1,0.595966462420881
"7456",1,0.573031260063886
"7457",1,0.674881816287821
"7458",1,0.564209235760092
"7459",1,0.442867147784037
"7460",0,0.312290277514124
"7461",0,0.260672120286113
"7462",0,0.437333078908765
"7463",0,0.122596980497731
"7464",0,0.497192419787455
"7465",0,0.636158150585828
"7466",0,0.913978073634369
"7467",0,0.510012239097754
"7468",0,0.544119992380123
"7469",0,0.53720544105275
"7470",0,0.597330261577142
"7471",1,0.468000123847886
"7472",1,0.670769335734179
"7473",1,0.689624621490538
"7474",0,0.492200415260587
"7475",0,0.540612601821747
"7476",1,0.471899534910485
"7477",1,0.343765037976376
"7478",0,0.442891139345127
"7479",1,0.55904302946171
"7480",1,0.630373340484651
"7481",1,0.713154824789381
"7482",1,0.509293132374084
"7483",0,0.489724657637636
"7484",0,0.0886040704222843
"7485",1,0.676752408663355
"7486",1,0.503661780897663
"7487",1,0.729451509395751
"7488",0,0.484063539993719
"7489",0,0.727816525545278
"7490",1,0.264445022003293
"7491",1,0.860150339269389
"7492",1,0.538661962320316
"7493",0,0.590258561549388
"7494",1,0.62308502483679
"7495",0,0.515504974289941
"7496",1,0.728917547081979
"7497",0,0.265982149134755
"7498",1,0.448540532420811
"7499",0,0.36568380612466
"7500",1,0.486008921078718
"7501",0,0.295615873183896
"7502",0,0.170113808624432
"7503",0,0.669501894223696
"7504",1,0.305884790976157
"7505",0,0.327283078326267
"7506",0,0.479527359229889
"7507",1,0.661947311430385
"7508",1,0.622552051473204
"7509",1,0.49426379344418
"7510",0,0.769667982891171
"7511",1,0.795242917674718
"7512",1,0.480718840749918
"7513",0,0.358826629550311
"7514",0,0.392718641263851
"7515",1,0.705978729000808
"7516",1,0.657566542439647
"7517",1,0.261056675002285
"7518",0,0.399035233463935
"7519",0,0.355045418353171
"7520",0,0.254135121626992
"7521",1,0.702022826515085
"7522",0,0.433118637176406
"7523",1,0.418486276108821
"7524",1,0.614499726180842
"7525",1,0.561428442521439
"7526",0,0.0286931641222548
"7527",0,-0.0197190224389056
"7528",1,0.654408926735959
"7529",0,0.249850838618333
"7530",0,0.0621872375879904
"7531",0,0.339621817595349
"7532",1,0.61780215689485
"7533",0,0.417638795000516
"7534",0,0.404236952750062
"7535",0,0.355824766188901
"7536",1,0.573529155108069
"7537",0,0.227255380232739
"7538",0,0.375250272681968
"7539",0,0.240264412582641
"7540",0,0.602002643958299
"7541",1,0.958617358478349
"7542",0,0.712247647207142
"7543",1,0.415392940263794
"7544",1,0.299257086334476
"7545",0,0.622549647242946
"7546",1,0.693392361450783
"7547",1,0.500549258133047
"7548",1,0.645175077189808
"7549",0,0.684570337146989
"7550",1,0.532472742856232
"7551",1,0.659849347172794
"7552",0,0.528240994605897
"7553",0,0.489681108313004
"7554",0,0.497433104398145
"7555",0,0.394181309540075
"7556",0,0.449020917836984
"7557",1,0.393617487342232
"7558",1,0.638513290964684
"7559",1,0.625751123987297
"7560",0,0.546079190352503
"7561",1,0.517984500019515
"7562",1,0.545602431769785
"7563",1,0.741804548011944
"7564",0,0.172911802630379
"7565",1,0.342341712173752
"7566",1,0.517984500019515
"7567",0,0.545602431769785
"7568",1,0.735273309547466
"7569",0,0.228576568182261
"7570",1,0.592552939004907
"7571",1,0.53220001801476
"7572",1,0.757802259556565
"7573",1,0.754029357839385
"7574",0,0.557638897662231
"7575",1,0.54178073915665
"7576",0,0.472067501905189
"7577",0,0.154858198353239
"7578",1,0.612231463544021
"7579",1,0.571583143090408
"7580",0,0.282356234916215
"7581",0,0.577034673243504
"7582",1,0.661947311430385
"7583",0,0.631777821493255
"7584",1,0.604676440852545
"7585",1,0.587737405553719
"7586",1,0.423409812215072
"7587",0,0.327171403672645
"7588",1,0.913978073634369
"7589",1,0.521621792075086
"7590",0,0.291178544215765
"7591",1,0.428546348005362
"7592",1,0.699268078342734
"7593",1,0.661441010460385
"7594",0,0.379174946952807
"7595",1,0.769667982891171
"7596",0,0.418036253137226
"7597",0,0.218631964267605
"7598",0,0.218118807855229
"7599",0,0.219018871567678
"7600",0,0.223399939832672
"7601",0,0.237158060441775
"7602",0,0.181721290508284
"7603",1,0.741965989901925
"7604",1,0.563732016441203
"7605",0,0.56381927698286
"7606",1,0.425660818606838
"7607",0,0.475022097923625
"7608",0,0.527021282270894
"7609",0,0.361520162247306
"7610",1,0.588088889703712
"7611",1,0.232695115510874
"7612",1,0.35985189591788
"7613",1,0.630256912457891
"7614",1,0.68481222455177
"7615",1,0.650855891781573
"7616",0,0.626130050890199
"7617",1,0.254741855960869
"7618",0,0.0961552643386531
"7619",0,0.309152944468386
"7620",0,0.41385392665758
"7621",0,0.309624405938484
"7622",1,0.695149953038511
"7623",0,0.283980494683278
"7624",1,0.477648286283083
"7625",1,0.431570037011599
"7626",1,0.494548164292666
"7627",0,0.495707805818962
"7628",0,0.598820420908442
"7629",1,0.552394113254258
"7630",0,0.0902696080640985
"7631",0,0.525802428503149
"7632",1,0.776840462955568
"7633",0,0.0400353918079683
"7634",0,0.563402112755481
"7635",1,0.219989141043095
"7636",1,0.451325394565031
"7637",0,0.348750149688882
"7638",0,0.301627683337038
"7639",0,0.46276254093991
"7640",1,0.44843579515591
"7641",1,0.550237556785426
"7642",1,0.357892880483126
"7643",0,0.143602159905555
"7644",0,0.378658105969054
"7645",0,0.528515437283685
"7646",0,0.34430645470269
"7647",0,0.54178073915665
"7648",1,0.430893507744396
"7649",1,0.515504974289941
"7650",1,0.309365780577547
"7651",1,0.697165263167963
"7652",1,0.510855789119858
"7653",0,0.684341753548598
"7654",1,0.616068907205859
"7655",1,0.680190008054415
"7656",0,0.44843579515591
"7657",0,0.703390805083065
"7658",0,0.191189056977875
"7659",0,0.170133020542013
"7660",0,0.28957320603837
"7661",0,0.215561517591056
"7662",1,0.599294708633189
"7663",0,0.423409812215072
"7664",0,0.556264254291385
"7665",0,0.59019292571781
"7666",0,0.424109661889058
"7667",0,0.320498940260723
"7668",0,0.288223776638825
"7669",1,0.353136930449798
"7670",0,0.664501853830644
"7671",0,0.689241414949903
"7672",1,0.441505807553584
"7673",1,0.183381996938919
"7674",0,0.0945930267792688
"7675",0,0.473650308738952
"7676",0,0.309192856876461
"7677",1,0.455131114739536
"7678",1,0.473740897366939
"7679",0,0.310273733669706
"7680",1,0.774903019566893
"7681",0,0.254865293755682
"7682",0,0.281828813025962
"7683",0,0.178951075078719
"7684",0,0.500558920106474
"7685",1,0.553393478118031
"7686",0,0.594206168807012
"7687",0,0.584166228211851
"7688",0,0.372566322330939
"7689",0,0.491406514682473
"7690",0,0.626130050890199
"7691",0,0.519078030960162
"7692",1,0.373389041847825
"7693",1,0.727980607114133
"7694",1,0.679568420552973
"7695",1,0.607177547325943
"7696",0,0.263721640392233
"7697",1,0.279655455703713
"7698",1,0.330632552335141
"7699",1,0.503491179374795
"7700",0,0.241453544109812
"7701",0,0.0416659100860574
"7702",1,0.427724196790432
"7703",0,0.536823309563198
"7704",0,0.565556445584449
"7705",1,0.411957075474141
"7706",0,0.28887798740687
"7707",0,0.495707805818962
"7708",0,0.352061393911385
"7709",1,0.702942758694889
"7710",1,0.673541723047014
"7711",1,0.710848548843476
"7712",0,0.536823309563198
"7713",1,0.605996740174799
"7714",0,0.717914080784857
"7715",0,0.702191446269577
"7716",1,0.628751458414504
"7717",0,0.624343028079995
"7718",0,0.360807836054736
"7719",1,0.836916163850646
"7720",0,0.671688278963797
"7721",1,0.669069344842872
"7722",1,0.514441429495887
"7723",0,0.283857755941533
"7724",0,0.560144259133921
"7725",1,0.885328350411806
"7726",1,0.627968039175188
"7727",0,0.453027718947362
"7728",1,0.647813629053561
"7729",0,0.209537447570723
"7730",0,0.16904325058016
"7731",0,0.431712866071926
"7732",1,0.17629570986767
"7733",1,0.44459564092692
"7734",0,0.388382928545327
"7735",0,0.708091538949327
"7736",1,0.377305902404446
"7737",0,0.638513290964684
"7738",0,0.63518573742342
"7739",1,0.627968039175188
"7740",0,0.486129948228483
"7741",0,0.223324796391525
"7742",1,0.467751715259261
"7743",1,0.40421885732843
"7744",1,0.593105050602038
"7745",0,0.631664936894931
"7746",1,0.486942670145903
"7747",1,0.516412310409047
"7748",1,0.554373054666
"7749",0,0.651816832169923
"7750",1,0.355381017077282
"7751",1,0.665668023273978
"7752",1,0.631076161886452
"7753",0,0.559460267691995
"7754",1,0.398707363786154
"7755",1,0.752074535112354
"7756",1,0.78020810427415
"7757",1,0.82862029083531
"7758",1,0.13173688029097
"7759",1,0.0618726317417451
"7760",1,0.528240994605897
"7761",1,0.477390241941989
"7762",1,0.483850446724333
"7763",1,0.745328247750091
"7764",1,0.696916061188931
"7765",1,0.674163310548457
"7766",1,0.644829194275615
"7767",1,0.380555470546805
"7768",0,0.602592774894835
"7769",0,0.541785507359659
"7770",0,0.237761819186691
"7771",0,0.0409346527008281
"7772",0,0.274074198060407
"7773",0,0.868981141054294
"7774",1,0.520134264105917
"7775",0,0.266254397563595
"7776",0,0.227731170983587
"7777",1,0.733903642406275
"7778",1,0.716555062463749
"7779",1,0.54404512512718
"7780",0,0.215154667646109
"7781",0,0.575563714014835
"7782",1,0.670995023428667
"7783",0,0.238248362773502
"7784",0,0.346363433617083
"7785",0,0.415010293261688
"7786",1,0.353711903781102
"7787",0,0.322326013060425
"7788",1,0.814542256987175
"7789",1,0.554181136064462
"7790",0,0.603361096586562
"7791",0,0.664742638228221
"7792",1,0.647112530736519
"7793",0,0.831300110213701
"7794",0,0.823095838677012
"7795",1,0.657566542439647
"7796",1,0.491303325906288
"7797",0,0.570518086741404
"7798",0,0.302961036057452
"7799",0,0.633191403905834
"7800",1,0.485276628400329
"7801",1,0.436864441839169
"7802",0,0.356052173896227
"7803",0,0.467751715259261
"7804",0,0.346151277417697
"7805",1,0.881555448694627
"7806",0,0.412773192088746
"7807",0,0.218115135184002
"7808",0,0.218565489035942
"7809",0,0.346008818417003
"7810",0,0.308009074143067
"7811",0,0.23569107250933
"7812",1,0.703980754823416
"7813",0,0.560678221447693
"7814",0,0.451439812018435
"7815",0,0.29752884463174
"7816",0,0.34370595818064
"7817",0,0.479015925263591
"7818",1,0.494845836891385
"7819",0,0.243171315693892
"7820",0,0.437277796275334
"7821",1,0.501576076827369
"7822",1,0.544521674857773
"7823",0,0.663572994751987
"7824",1,0.419146069479302
"7825",0,0.203275926881177
"7826",0,0.38803400415651
"7827",0,0.535071154579058
"7828",0,0.170219777706444
"7829",0,0.6685155399454
"7830",0,0.630373340484651
"7831",0,0.549140792836799
"7832",0,0.608240653330514
"7833",1,0.462076885122218
"7834",0,0.435703236387268
"7835",0,0.3459410311929
"7836",0,0.696461287474533
"7837",1,0.626683855787669
"7838",1,0.480915972639944
"7839",1,0.534585904315789
"7840",1,0.436802839084422
"7841",0,0.567950785018184
"7842",1,0.652641925641591
"7843",1,0.461349606660863
"7844",1,0.485843664651165
"7845",1,0.739294811294904
"7846",1,0.815511054425408
"7847",0,0.426725762020577
"7848",0,0.719949730774548
"7849",0,0.684731339138806
"7850",1,0.615206389657586
"7851",1,0.255756841143203
"7852",1,0.632728481688985
"7853",0,0.0352646602581095
"7854",0,0.219828331388816
"7855",0,0.10262554178214
"7856",0,0.173992679423624
"7857",0,0.280035881013187
"7858",0,0.352648358987048
"7859",1,0.494138624793945
"7860",1,0.541079909073487
"7861",1,0.437301954163533
"7862",0,0.47652525130553
"7863",0,0.308874998335026
"7864",0,0.243788516692649
"7865",1,0.519078030960162
"7866",1,0.689264357562294
"7867",0,0.272666446850032
"7868",1,0.717914080784857
"7869",0,0.669501894223696
"7870",0,0.630122894608921
"7871",0,0.309161755679742
"7872",0,0.341231899645557
"7873",1,0.666278960791809
"7874",1,0.425330765503375
"7875",1,0.287156373747847
"7876",0,0.158395346565523
"7877",0,0.22910268894309
"7878",1,0.285521797257637
"7879",1,0.438993034386364
"7880",1,0.515504974289941
"7881",0,0.484695864024399
"7882",1,0.632175486609563
"7883",1,0.442874526151454
"7884",1,0.732458886786088
"7885",0,0.69661396490213
"7886",1,0.578906976955836
"7887",1,0.466777435262377
"7888",1,0.352061393911385
"7889",1,0.335624968606232
"7890",0,0.22910268894309
"7891",0,0.478097433225612
"7892",1,0.275910256245514
"7893",1,0.612231463544021
"7894",0,0.519228902916068
"7895",0,0.281106510256652
"7896",0,0.22280536371434
"7897",1,0.301534330248933
"7898",1,0.373065931429549
"7899",0,0.531178743546792
"7900",1,0.411386635762695
"7901",0,0.319841187065893
"7902",1,0.68359792398458
"7903",1,0.625751123987297
"7904",0,0.49837548489129
"7905",0,0.024171330398538
"7906",1,0.449348787737181
"7907",1,0.377399872911444
"7908",1,0.669501894223696
"7909",0,0.452137071571887
"7910",1,0.696179129777669
"7911",1,0.518454293599346
"7912",1,0.409934307425268
"7913",0,0.553479738563303
"7914",0,0.470042107038186
"7915",1,0.485215025645583
"7916",0,0.436802839084422
"7917",0,0.639439132347059
"7918",0,0.521421659512411
"7919",0,-0.0203822124000066
"7920",0,0.520491069614237
"7921",1,0.299487340664345
"7922",1,0.371518187669079
"7923",1,0.655920613924426
"7924",0,0.63518573742342
"7925",1,0.319997756617947
"7926",1,0.885328350411806
"7927",1,0.643980903329614
"7928",1,0.350797787218667
"7929",0,0.275079812750694
"7930",0,0.221618724490921
"7931",1,0.497667003791343
"7932",1,0.472422495298282
"7933",1,0.516412310409047
"7934",0,0.68481222455177
"7935",0,0.616068907205859
"7936",0,0.461174165464724
"7937",0,0.598649743346587
"7938",0,0.47793589438987
"7939",0,0.522134552916707
"7940",1,0.3034669998331
"7941",1,0.351879186394261
"7942",1,0.441654501102721
"7943",1,0.393242314541561
"7944",1,0.739930339912233
"7945",1,0.724207705396953
"7946",1,0.336560297595238
"7947",0,0.159899338972587
"7948",1,0.512641822979876
"7949",0,0.461593001032454
"7950",0,0.680587673170724
"7951",0,0.335624968606232
"7952",0,0.449499339949964
"7953",0,0.497911526511124
"7954",1,0.467249105265588
"7955",1,0.584166228211851
"7956",1,0.564451123164873
"7957",0,0.42206466456809
"7958",0,0.297363853705862
"7959",0,0.444877123452609
"7960",0,0.392792193246024
"7961",1,0.456940955438351
"7962",1,0.294112715055633
"7963",0,0.393242314541561
"7964",1,0.398046572687917
"7965",0,0.349634386126756
"7966",1,0.663662827515458
"7967",1,0.687521577776433
"7968",1,0.50819409775647
"7969",0,0.468000123847886
"7970",1,0.440590956308668
"7971",1,0.409450568716948
"7972",0,0.436795115106487
"7973",0,0.446372374701062
"7974",0,0.700453714466418
"7975",0,0.131160819865234
"7976",1,0.429960062751679
"7977",1,0.390364736859537
"7978",0,0.493174023482327
"7979",0,0.346653786182453
"7980",1,0.15773093319596
"7981",0,0.20235790454166
"7982",0,0.317497558513644
"7983",0,0.34430645470269
"7984",1,0.75135494525605
"7985",1,0.486769913218197
"7986",1,0.525802428503149
"7987",1,0.435703236387268
"7988",1,0.312389855711111
"7989",1,0.454168492734376
"7990",0,0.289706575853666
"7991",0,0.216015864136086
"7992",0,0.575563714014835
"7993",1,0.612751438185869
"7994",0,0.262120219796339
"7995",0,0.276654114871844
"7996",1,0.631815917508939
"7997",0,0.442687114447322
"7998",1,0.668463059788274
"7999",0,0.654628793498753
"8000",1,0.630122894608921
"8001",1,0.497315738232212
"8002",0,0.497760974298341
"8003",1,0.650426109679014
"8004",0,0.228276657828098
"8005",1,0.523653329064062
"8006",1,0.628751458414504
"8007",1,0.212406716195516
"8008",1,0.510495076589755
"8009",1,0.586599631588729
"8010",0,0.524813975802911
"8011",0,0.403455899400915
"8012",1,0.720874779368788
"8013",0,0.449387406058665
"8014",1,0.478609095709733
"8015",0,0.661947311430385
"8016",1,0.357892880483126
"8017",1,0.283638479042024
"8018",1,0.155993518631751
"8019",1,0.623904402687594
"8020",0,0.251473347137705
"8021",0,0.35018242058563
"8022",0,0.343493210180506
"8023",1,0.484315339465648
"8024",0,0.564451123164873
"8025",0,0.142359818574806
"8026",1,0.313152760985319
"8027",1,0.850520602645078
"8028",1,0.633440781946635
"8029",0,0.565556445584449
"8030",1,0.534585904315789
"8031",0,0.512198782374722
"8032",0,0.56381927698286
"8033",1,0.519764480029273
"8034",0,0.211604262281592
"8035",0,0.308325428172385
"8036",1,0.574929953681356
"8037",1,0.417638795000516
"8038",0,0.286640886233927
"8039",0,0.292604725891762
"8040",1,0.745026151463291
"8041",1,0.59019292571781
"8042",0,0.604727041681317
"8043",1,0.455082195421338
"8044",1,0.320229854921771
"8045",0,0.280035881013187
"8046",0,0.516107855410748
"8047",0,0.538136844198797
"8048",0,0.497279680329112
"8049",0,0.408598351927989
"8050",0,0.358233255196411
"8051",0,0.35711571869028
"8052",1,0.322300110468179
"8053",0,0.214049926408826
"8054",1,0.171994473332378
"8055",0,0.597330261577142
"8056",1,0.298765972123825
"8057",0,0.0152900369062449
"8058",0,0.159312073803901
"8059",1,0.130293385388602
"8060",0,0.544812121890055
"8061",0,0.383907063161381
"8062",0,0.463955193740928
"8063",0,0.686827933361745
"8064",0,0.235389815009288
"8065",1,0.486407168545968
"8066",0,0.328987686350284
"8067",1,0.478372249312839
"8068",1,0.509565695862507
"8069",1,0.543457707576047
"8070",1,0.574377648015935
"8071",1,0.494445024492836
"8072",1,0.531557562617071
"8073",1,0.545290627249048
"8074",1,0.382481321183236
"8075",0,0.229340202622151
"8076",1,0.429046705622646
"8077",1,0.46544483832905
"8078",0,0.788668554827973
"8079",0,0.695617083422832
"8080",0,0.37257730047857
"8081",0,0.272544619309272
"8082",0,0.55380220916156
"8083",0,0.262410292912771
"8084",1,0.173926204191961
"8085",0,0.172009953734428
"8086",1,0.456183682860465
"8087",1,0.414491145326493
"8088",1,0.352160747063321
"8089",0,0.356055532333351
"8090",0,0.67863738205294
"8091",0,0.522849825179658
"8092",1,0.426257014070408
"8093",0,0.697165263167963
"8094",1,0.793340608333072
"8095",1,0.731743404327605
"8096",0,0.513135784137097
"8097",0,0.43192455526592
"8098",0,0.431091278570483
"8099",0,0.446813913085764
"8100",0,0.635112475472678
"8101",0,0.557792579476902
"8102",1,0.391837680987825
"8103",0,0.21990865692008
"8104",1,0.189119592535069
"8105",0,0.225579929806003
"8106",0,0.605026048801575
"8107",1,0.522595789176385
"8108",1,0.464424538718901
"8109",0,0.0930361836534788
"8110",0,0.504737120566677
"8111",0,0.585235496124359
"8112",1,0.415609739372096
"8113",0,0.412914667736835
"8114",0,0.680488119597099
"8115",0,0.35125793608717
"8116",0,0.633191403905834
"8117",0,0.533243157023545
"8118",1,0.237786815960333
"8119",1,0.368840351057607
"8120",0,0.360255052401659
"8121",1,0.59314454906345
"8122",1,0.608240653330514
"8123",0,0.0559285018071716
"8124",0,0.126452545620313
"8125",1,0.561357455330818
"8126",1,0.475052407172204
"8127",1,0.679568420552973
"8128",0,0.716875246349434
"8129",0,0.289918635107292
"8130",0,0.307000918779688
"8131",0,0.143021322911613
"8132",1,0.824815451264016
"8133",1,0.275910256245514
"8134",0,0.345434199883376
"8135",0,0.437344217548347
"8136",0,0.401744798793347
"8137",1,0.807189034748642
"8138",1,0.891355047917765
"8139",1,0.752074535112354
"8140",1,0.588759205753842
"8141",1,0.591026945785899
"8142",1,0.627299466569149
"8143",1,0.714141179067677
"8144",0,0.355373121670014
"8145",0,0.485215025645583
"8146",0,0.328458354722897
"8147",1,0.240077954499163
"8148",0,0.00829161973439965
"8149",0,0.110654384113784
"8150",1,0.782867160461526
"8151",1,0.739930339912233
"8152",0,0.587737405553719
"8153",0,0.324052934112235
"8154",0,0.769667982891171
"8155",0,0.752074535112354
"8156",0,0.55311781611128
"8157",0,0.495808018354183
"8158",0,0.348880989835334
"8159",1,0.576252863515233
"8160",1,0.710848548843476
"8161",0,0.673541723047014
"8162",1,0.642188648517764
"8163",1,0.505768949503301
"8164",1,0.312676350726516
"8165",1,0.361088537287677
"8166",1,0.236059677008923
"8167",0,0.584207602735238
"8168",0,0.0664667635398403
"8169",1,0.359753501618478
"8170",1,0.497667003791343
"8171",1,0.525465896725911
"8172",0,0.291025534375798
"8173",1,0.655920613924426
"8174",0,0.283524861392179
"8175",0,0.489724657637636
"8176",0,0.160855483254748
"8177",0,0.429830070740629
"8178",0,0.330067948677414
"8179",1,0.392693794064784
"8180",0,0.437383679737537
"8181",0,0.212127015101297
"8182",0,0.325746225397392
"8183",0,0.553149307127838
"8184",1,0.544278159576283
"8185",0,0.50995056634054
"8186",0,0.664811674234368
"8187",0,0.367875994551324
"8188",0,0.337398796920706
"8189",1,0.530494790394676
"8190",1,0.596514144962537
"8191",0,0.72142211844341
"8192",0,0.513408392795798
"8193",0,0.373599918569558
"8194",0,0.17477499608782
"8195",0,0.360783830489253
"8196",1,0.340824277263009
"8197",1,0.490478741065441
"8198",0,0.600649335433178
"8199",0,0.442994220331026
"8200",1,0.426660651996378
"8201",1,0.541655307422381
"8202",1,0.604229739080431
"8203",1,0.720051600266529
"8204",1,0.818315158704355
"8205",0,0.80926308789531
"8206",1,0.76085090133415
"8207",0,0.0647348368120061
"8208",1,0.132563651114563
"8209",1,0.503661780897663
"8210",1,0.530790664923393
"8211",0,0.449959372487171
"8212",1,0.517930915492095
"8213",1,0.670964238034364
"8214",1,0.419146069479302
"8215",0,0.20445884816597
"8216",0,0.306821612545354
"8217",0,0.586355042157807
"8218",1,0.452137071571887
"8219",1,0.67831505604264
"8220",0,0.216196850641978
"8221",0,0.583464925650053
"8222",1,0.534215028044477
"8223",1,0.427282225538212
"8224",0,0.557475272429994
"8225",0,0.619953287293746
"8226",0,0.446732687605662
"8227",1,0.619953287293746
"8228",1,0.683331217766444
"8229",1,0.632728481688985
"8230",1,0.614499726180842
"8231",1,0.436864441839169
"8232",0,0.635929566987438
"8233",0,0.658998380778121
"8234",0,0.289235997060208
"8235",1,0.583036639368104
"8236",0,0.0467752782940151
"8237",1,0.665538947949365
"8238",0,0.496149489453164
"8239",1,0.486769913218197
"8240",0,0.522105900180244
"8241",1,0.699268078342734
"8242",1,0.670769335734179
"8243",1,0.411346785149148
"8244",1,0.693533694526564
"8245",1,0.214566913602904
"8246",1,0.726078297772487
"8247",1,0.218631964267605
"8248",0,0.613028823899224
"8249",1,0.491823156247952
"8250",0,0.202122009230506
"8251",0,0.411113554476431
"8252",0,0.423700184458485
"8253",0,0.363618311448942
"8254",0,0.415354171793542
"8255",1,0.276764448288854
"8256",0,0.244125497071746
"8257",0,0.218980341730621
"8258",1,0.27138653310098
"8259",1,0.50894164279956
"8260",0,0.32637750823951
"8261",0,0.35334102750979
"8262",1,0.727854002287925
"8263",1,0.39241709172522
"8264",1,0.613725931492957
"8265",1,0.597330261577142
"8266",0,0.548918075015981
"8267",0,0.227301543465026
"8268",1,0.250623409722185
"8269",1,0.690882624733743
"8270",0,0.548918075015981
"8271",1,0.474057071788492
"8272",0,0.622701818296154
"8273",0,0.597962257176895
"8274",1,0.520290029507947
"8275",1,0.524722596976569
"8276",1,0.511506083454152
"8277",0,0.465514165061731
"8278",0,0.380598837333811
"8279",1,0.523653329064062
"8280",1,0.482378478362233
"8281",1,0.405282402122484
"8282",0,0.482551948811489
"8283",0,0.603361096586562
"8284",1,0.689624621490538
"8285",1,0.408967057814208
"8286",1,0.360554871253047
"8287",1,0.637441158169668
"8288",0,0.520491069614237
"8289",0,0.281371988470185
"8290",0,0.523434284484785
"8291",1,0.478609095709733
"8292",0,0.322326013060425
"8293",0,0.317497558513644
"8294",0,0.508307329590315
"8295",0,0.164074536176091
"8296",1,0.438001651514803
"8297",1,0.518330831535566
"8298",0,0.55689071782846
"8299",1,0.672327198464431
"8300",0,0.0311790451714169
"8301",0,0.0360307071897159
"8302",1,0.61396863214561
"8303",1,0.417346454996228
"8304",1,0.540612601821747
"8305",1,0.496399935328894
"8306",0,0.647597966689752
"8307",0,0.562653771010089
"8308",0,0.438165808055499
"8309",0,0.489999329883425
"8310",0,0.502303032031099
"8311",0,0.590487447456579
"8312",1,0.703662348551194
"8313",0,0.741804548011944
"8314",1,0.680505360520818
"8315",1,0.635666230629879
"8316",1,0.528132597686202
"8317",1,0.563732016441203
"8318",0,0.289089467330051
"8319",0,0.449414002100783
"8320",1,0.421988784723936
"8321",0,0.475523192409478
"8322",0,0.413470169447896
"8323",1,0.442405482751254
"8324",0,0.579555852614027
"8325",1,0.627968039175188
"8326",1,0.71918152229534
"8327",1,0.770717582616468
"8328",1,0.78020810427415
"8329",1,0.592201075449872
"8330",1,0.642618355368172
"8331",1,0.147212180743727
"8332",1,0.497392852494649
"8333",0,0.538093294874164
"8334",0,0.454168492734376
"8335",1,0.448089094183289
"8336",1,0.684815348602301
"8337",0,0.503449637598534
"8338",0,0.0400353918079683
"8339",0,0.150997395959188
"8340",1,0.526013342351158
"8341",1,0.222203403053573
"8342",1,0.283230744553556
"8343",1,0.707435250268374
"8344",1,0.541208797285316
"8345",0,0.530310101878402
"8346",1,0.654092192163315
"8347",0,0.614612211394529
"8348",1,0.549988263388529
"8349",1,0.496109488296613
"8350",1,0.541212469956544
"8351",0,0.240581510732639
"8352",0,0.137642816933812
"8353",0,0.483674983789042
"8354",0,0.515595094569128
"8355",1,0.728917547081979
"8356",1,0.565978626339092
"8357",1,0.442508041132388
"8358",0,0.560517608335433
"8359",1,0.293621883438135
"8360",0,0.502462561586884
"8361",0,0.235555649463201
"8362",0,0.548621211537079
"8363",1,0.322989389318181
"8364",0,-0.0473905387165949
"8365",0,0.032561835875686
"8366",0,0.211795816385944
"8367",1,0.709120378611001
"8368",0,0.657566542439647
"8369",1,0.425660818606838
"8370",0,0.313560383367867
"8371",0,0.626130050890199
"8372",0,0.689624621490538
"8373",0,0.408663566291591
"8374",1,0.392314401528095
"8375",0,0.43844793712476
"8376",1,0.782173904926396
"8377",1,0.733761718365236
"8378",0,0.221522018202392
"8379",0,0.0154794072271779
"8380",1,0.485802841483317
"8381",0,-0.0211187217868782
"8382",0,-0.0208365589450358
"8383",0,0.0809740224368463
"8384",0,0.119327402693796
"8385",0,0.213859362551238
"8386",0,0.309706723955784
"8387",1,0.37094222451939
"8388",1,0.335426276038107
"8389",1,0.123073982703795
"8390",0,0.187841558469146
"8391",0,0.195224397457435
"8392",1,0.602013923117854
"8393",0,0.529974548308789
"8394",0,0.535012522666916
"8395",1,0.00790719791795613
"8396",1,0.0763428075703781
"8397",0,0.423179590562596
"8398",0,0.166433386065017
"8399",0,0.408967057814208
"8400",1,0.561178149459481
"8401",1,0.552973877922792
"8402",0,0.763239007322173
"8403",0,0.537073299404743
"8404",1,0.452869514968278
"8405",1,0.586442302699464
"8406",1,0.642618355368172
"8407",0,0.446032837931676
"8408",1,0.638513290964684
"8409",1,0.368283894733302
"8410",1,0.604229739080431
"8411",0,0.586599631588729
"8412",0,0.359405737621484
"8413",0,0.444207432656417
"8414",0,0.430338844034139
"8415",0,0.475867070941332
"8416",0,0.301654398441006
"8417",1,0.675012625328632
"8418",1,0.604727041681317
"8419",1,0.661947311430385
"8420",1,0.220176805148331
"8421",1,0.393242314541561
"8422",1,0.324322442806675
"8423",0,0.544278159576283
"8424",1,0.591395239330319
"8425",1,0.768080705836312
"8426",0,0.633207747497532
"8427",1,0.413715156752413
"8428",1,0.494138624793945
"8429",1,0.587737405553719
"8430",1,0.468030374282534
"8431",1,0.577237735768592
"8432",1,0.535754041650691
"8433",1,0.591303564071183
"8434",1,0.573529155108069
"8435",0,0.545558409076839
"8436",0,0.389597295244383
"8437",1,0.497433104398145
"8438",1,0.325490505496123
"8439",0,0.426660651996378
"8440",0,0.303339083071588
"8441",0,0.178756812913748
"8442",0,0.231156497475415
"8443",0,0.266205586263816
"8444",0,0.236657181267621
"8445",0,0.147964676300107
"8446",0,0.630122894608921
"8447",0,0.481314933568179
"8448",0,0.704493802477404
"8449",0,0.437301954163533
"8450",1,0.354784458600507
"8451",0,0.217573652325821
"8452",0,0.468462481938064
"8453",0,0.370490641795031
"8454",0,0.221274845959068
"8455",0,0.257015113597026
"8456",0,0.251987612097251
"8457",0,0.473512904733806
"8458",0,0.688901986508413
"8459",0,0.236472454461541
"8460",1,0.688901986508413
"8461",1,0.486409621530166
"8462",1,0.667163014187246
"8463",0,0.644329783723612
"8464",0,0.544119992380123
"8465",1,0.827527208496522
"8466",1,0.862954443548336
"8467",0,0.670964238034364
"8468",0,0.739294811294904
"8469",0,0.411752738872049
"8470",1,0.477390241941989
"8471",1,0.525497704939633
"8472",1,0.14739052466123
"8473",1,0.16883919195211
"8474",0,0.546913990792273
"8475",1,0.419590351574735
"8476",0,0.503494381982498
"8477",1,0.448780233226294
"8478",0,0.643980903329614
"8479",0,0.502167400250511
"8480",1,0.366147752848588
"8481",0,0.382481321183236
"8482",1,0.697954057317458
"8483",0,0.227447468855582
"8484",0,0.283414678108218
"8485",1,0.398869346326136
"8486",1,0.196390161496087
"8487",0,0.0709629432905266
"8488",0,0.269085371952484
"8489",0,0.333933983818797
"8490",1,0.413223470434128
"8491",1,0.494784561262223
"8492",1,0.534916567770047
"8493",0,0.197597323839748
"8494",0,0.655920613924426
"8495",1,0.573529155108069
"8496",0,0.4180829643831
"8497",1,0.463766358354703
"8498",1,0.442687114447322
"8499",1,0.24656291231777
"8500",1,0.194772571386573
"8501",1,0.462009592035315
"8502",0,0.52613069288387
"8503",0,0.279354113074844
"8504",1,0.482378478362233
"8505",1,0.545691866890272
"8506",1,0.739930339912233
"8507",0,0.261623182697127
"8508",0,0.241329485241772
"8509",1,0.586599631588729
"8510",1,0.716327563807778
"8511",0,0.195624367304887
"8512",0,0.233078052840892
"8513",0,0.41347596323036
"8514",0,0.381417884179469
"8515",1,0.8603623489823
"8516",1,0.509036569267872
"8517",1,0.554181136064462
"8518",1,0.321862510262756
"8519",1,0.323959963962507
"8520",1,0.222089318244226
"8521",0,0.395300190439851
"8522",1,0.370730210246914
"8523",1,0.869454736107997
"8524",0,0.375763788648174
"8525",0,0.424175975209334
"8526",1,0.595407714776637
"8527",0,0.690882624733743
"8528",0,0.454016546629038
"8529",0,0.379174946952807
"8530",1,0.415609739372096
"8531",0,0.181090750203425
"8532",0,0.785172775621265
"8533",1,0.419691391459648
"8534",1,0.382838912208215
"8535",1,0.505263667550692
"8536",1,0.691204646730142
"8537",1,0.698819316728044
"8538",0,0.239311907567556
"8539",0,0.183613986121358
"8540",0,0.559828906667518
"8541",0,0.277890753114249
"8542",1,0.483981874815765
"8543",0,0.358247994322836
"8544",0,0.413008953639872
"8545",1,0.602013923117854
"8546",1,0.498691830260748
"8547",1,0.588601652055696
"8548",0,0.409227103868836
"8549",0,0.560144259133921
"8550",0,0.622549647242946
"8551",1,0.228130131911822
"8552",0,0.522849825179658
"8553",0,0.231279392564685
"8554",0,0.18363170772516
"8555",1,0.437858659900541
"8556",1,0.397246999159813
"8557",0,0.238834486578364
"8558",0,0.389632377270452
"8559",0,0.197227582234986
"8560",0,0.224813760663494
"8561",1,0.508947876245272
"8562",0,0.913978073634369
"8563",0,0.910205171917189
"8564",1,0.784137556910019
"8565",0,0.384285559196452
"8566",1,0.411957075474141
"8567",0,0.625408266943764
"8568",0,0.514807984353484
"8569",0,0.453755213689351
"8570",1,0.652641925641591
"8571",1,0.614499726180842
"8572",1,0.429011023894971
"8573",0,0.419590351574735
"8574",1,0.539177599731842
"8575",0,0.291221350235028
"8576",1,0.619688903781586
"8577",0,0.22524868463161
"8578",0,0.22468175358128
"8579",0,0.281155913764578
"8580",1,0.616068907205859
"8581",0,0.653139228242478
"8582",1,0.519575744698575
"8583",1,0.74758204353887
"8584",1,0.596127801909482
"8585",0,0.486942670145903
"8586",0,0.520834681859443
"8587",0,0.250401571387693
"8588",1,0.529501791561981
"8589",0,0.246713013629226
"8590",0,0.208378054155883
"8591",0,0.149496226967153
"8592",1,0.29752884463174
"8593",1,0.558854725221259
"8594",1,0.499439029685344
"8595",0,0.0208553805930326
"8596",1,0.643980903329614
"8597",0,0.519886150465335
"8598",1,0.314670195896062
"8599",0,0.297885616772813
"8600",0,0.252225054333473
"8601",0,0.454311736888733
"8602",1,0.443458175595963
"8603",0,0.364278687510285
"8604",0,0.336082805283842
"8605",0,0.107392462047273
"8606",0,0.494311874577614
"8607",1,0.52119780889997
"8608",1,0.771243065384001
"8609",0,0.604424641380616
"8610",0,0.435596589148823
"8611",1,0.624978556697325
"8612",1,0.673390743258485
"8613",1,0.641212434929378
"8614",0,0.301551616936865
"8615",0,0.66244144173883
"8616",1,0.473009460373945
"8617",1,0.435739294290369
"8618",1,0.356052173896227
"8619",1,0.662436362282316
"8620",0,0.467249105265588
"8621",0,0.162027011472955
"8622",1,0.544628322096219
"8623",1,0.74758204353887
"8624",1,0.624978556697325
"8625",1,0.578906976955836
"8626",1,0.571157051964176
"8627",0,0.689123255532552
"8628",0,0.612815951434414
"8629",1,0.414436255600714
"8630",0,0.46770172108282
"8631",0,0.68407841719104
"8632",1,0.616525353967245
"8633",1,0.421801228408985
"8634",0,0.503980001642606
"8635",0,0.537073299404743
"8636",0,0.357169710402357
"8637",1,0.525023187646886
"8638",1,0.435703236387268
"8639",1,0.449472744686675
"8640",1,0.394462339590294
"8641",1,0.635666230629879
"8642",0,0.54694231687508
"8643",1,0.696179129777669
"8644",1,0.84072100342194
"8645",1,0.805539050611081
"8646",0,0.342147452598561
"8647",1,0.619953287293746
"8648",1,0.570521523346846
"8649",0,0.29360122842696
"8650",1,0.476086580616785
"8651",0,0.706797978429369
"8652",0,0.360783830489253
"8653",1,0.599167809963967
"8654",0,0.561428442521439
"8655",0,0.52119780889997
"8656",0,0.35711571869028
"8657",0,0.27777530406449
"8658",0,0.19201789642364
"8659",0,0.557792579476902
"8660",0,0.606204766038062
"8661",1,0.604727041681317
"8662",1,0.653139228242478
"8663",0,0.503200013595112
"8664",0,0.411957075474141
"8665",0,0.428306240237637
"8666",0,0.278346262399257
"8667",1,0.555290952406537
"8668",1,0.564403764873253
"8669",0,0.359562922891727
"8670",1,0.387073581227945
"8671",0,0.575649051864016
"8672",0,0.355558943193449
"8673",1,0.508478531267299
"8674",0,0.469854103029747
"8675",1,0.533731090776418
"8676",1,0.641153429806518
"8677",1,0.314901695840984
"8678",0,0.321556836653758
"8679",1,0.797113510050252
"8680",1,0.76085090133415
"8681",0,0.375570215623152
"8682",0,0.204641950765086
"8683",0,0.35477684719484
"8684",0,0.319773758421407
"8685",1,0.842942861356604
"8686",0,0.649541870756297
"8687",0,0.183381996938919
"8688",1,0.559782717514969
"8689",0,0.366598106700528
"8690",0,0.228822112226428
"8691",1,0.733268113788945
"8692",0,0.708110865837542
"8693",0,0.307363095403535
"8694",0,0.0850846935006652
"8695",1,0.616525353967245
"8696",1,0.665856384466411
"8697",1,0.451524967736368
"8698",0,0.473512904733806
"8699",1,0.818315158704355
"8700",0,0.411452277295665
"8701",0,0.526348080951031
"8702",0,0.47793589438987
"8703",1,0.557792579476902
"8704",0,0.680190008054415
"8705",1,0.591303564071183
"8706",1,0.554651523941735
"8707",0,0.440779799429652
"8708",1,0.484151480851529
"8709",1,0.4605294562384
"8710",1,0.435295119206393
"8711",0,0.403178085083545
"8712",0,0.16338027138766
"8713",0,0.185679770158178
"8714",0,0.267857553729833
"8715",0,0.440139515223307
"8716",1,0.302961036057452
"8717",1,0.747044957174567
"8718",1,0.783934096138885
"8719",1,0.450536643759083
"8720",1,0.413438661378694
"8721",1,0.404467718894512
"8722",1,0.71091824563579
"8723",0,0.457759898307603
"8724",1,0.612815951434414
"8725",1,0.586442302699464
"8726",1,0.494445024492836
"8727",1,0.913978073634369
"8728",0,0.269205091107652
"8729",1,0.363489345337435
"8730",1,0.561178149459481
"8731",1,0.351373222618613
"8732",0,0.337398796920706
"8733",0,0.374423459875325
"8734",1,0.306746256417891
"8735",1,0.565556445584449
"8736",1,0.454295085205694
"8737",0,0.405882898644534
"8738",0,0.548154438558503
"8739",0,0.490926021476013
"8740",0,0.175581471118487
"8741",0,0.371147374474293
"8742",0,0.601358951760877
"8743",0,0.682469248838867
"8744",1,0.421017863291003
"8745",0,0.431570037011599
"8746",0,0.355632835904304
"8747",0,0.404045022465464
"8748",0,0.362017376975336
"8749",1,0.489475364240739
"8750",1,0.622964594441209
"8751",0,0.224848672420774
"8752",1,0.176436485859613
"8753",0,0.499439029685344
"8754",1,0.423700184458485
"8755",1,0.436864441839169
"8756",1,0.466938993341841
"8757",0,0.295700693641613
"8758",1,0.689624621490538
"8759",0,0.670769335734179
"8760",0,0.44585160688302
"8761",0,0.491303325906288
"8762",1,0.510335547033971
"8763",0,0.594101998753836
"8764",0,0.483043947652181
"8765",0,0.654400847209859
"8766",0,0.748474883178844
"8767",0,0.573013069094685
"8768",0,0.584795560936372
"8769",0,0.386304687015579
"8770",1,0.502167400250511
"8771",1,0.60455802427497
"8772",1,0.664742638228221
"8773",1,0.597819906504098
"8774",1,0.646232093065258
"8775",1,0.272987934800368
"8776",0,0.288134639896204
"8777",1,0.149984253706159
"8778",1,0.521440907798669
"8779",1,0.556852580395574
"8780",0,0.537307007356308
"8781",1,0.529562523690479
"8782",0,0.501935814459098
"8783",1,0.387721423986105
"8784",1,0.662911912742002
"8785",0,0.299899441634302
"8786",1,0.478097433225612
"8787",1,0.595407714776637
"8788",0,0.702942758694889
"8789",0,0.523653329064062
"8790",0,0.513016255960279
"8791",0,0.45576072907088
"8792",1,0.763153561555879
"8793",1,0.578000391816894
"8794",1,0.538187445027569
"8795",0,0.474672873302796
"8796",1,0.323755718037711
"8797",0,0.414737639144793
"8798",0,0.332671448560449
"8799",1,0.608490434734116
"8800",1,0.352914701384649
"8801",1,0.37570135233349
"8802",1,0.552392188203766
"8803",1,0.684800250877744
"8804",1,0.708704438332715
"8805",0,0.350715469201367
"8806",1,0.624978556697325
"8807",0,0.460467325733911
"8808",1,0.636149592114879
"8809",0,0.362017376975336
"8810",0,0.485215025645583
"8811",0,0.455082195421338
"8812",0,0.356833555848438
"8813",1,0.632487822015188
"8814",0,0.485215025645583
"8815",1,0.5743719443849
"8816",1,0.726078297772487
"8817",1,0.411113554476431
"8818",1,0.604229739080431
"8819",0,0.647112530736519
"8820",0,0.662436362282316
"8821",0,0.0178635544363189
"8822",0,0.39368313964924
"8823",0,0.507128190329439
"8824",0,0.6685155399454
"8825",1,0.520482922280814
"8826",0,0.219579469822734
"8827",0,0.408967057814208
"8828",0,0.350665911271895
"8829",0,0.326098914777605
"8830",0,0.285621150409573
"8831",1,0.416941841633922
"8832",0,0.491640306285384
"8833",0,0.306800109719438
"8834",0,0.349917891453029
"8835",0,0.373065931429549
"8836",0,0.251177356115241
"8837",0,0.375134172324178
"8838",0,0.653139228242478
"8839",1,0.758776848187481
"8840",1,0.471821998776232
"8841",0,0.345004801362736
"8842",0,0.192115332459403
"8843",0,0.543513144123956
"8844",0,0.370899701946908
"8845",1,0.519439199219952
"8846",0,0.11286026602845
"8847",1,0.75135494525605
"8848",0,0.0647348368120061
"8849",1,0.503494381982498
"8850",1,0.315077158776275
"8851",1,0.405441327116252
"8852",0,0.473009460373945
"8853",1,0.662556359810379
"8854",1,0.44585160688302
"8855",0,0.67901475339391
"8856",0,0.364966995153664
"8857",1,0.367197552810935
"8858",0,0.38018815674615
"8859",0,0.186417750358114
"8860",0,0.436864441839169
"8861",1,0.570033978636247
"8862",1,0.475137948581737
"8863",1,0.579545766003115
"8864",0,0.380992908405794
"8865",0,0.460219760234162
"8866",0,0.542550811355105
"8867",1,0.682984886250393
"8868",1,0.474057071788492
"8869",1,0.274636849989748
"8870",0,0.562812931109304
"8871",0,0.497392852494649
"8872",1,0.466238530201832
"8873",1,0.752074535112354
"8874",1,0.353777727851699
"8875",1,0.688883546186059
"8876",1,0.607619505727236
"8877",0,0.559207319166076
"8878",0,0.197693985226688
"8879",0,0.566104945678914
"8880",0,0.343033165288409
"8881",0,0.315342135000371
"8882",0,0.43411144012039
"8883",0,0.487299363907434
"8884",1,0.444021827999602
"8885",0,0.43383676406072
"8886",0,0.496847981717071
"8887",0,0.587749764450645
"8888",0,0.0795330450947712
"8889",1,0.58171070804776
"8890",0,0.457124495935902
"8891",1,0.712247647207142
"8892",0,0.433889095709011
"8893",0,0.335922618977954
"8894",1,0.45531037521894
"8895",0,0.42082849297007
"8896",1,0.423700184458485
"8897",1,0.524316159332344
"8898",1,0.72484172307519
"8899",1,0.429829962950342
"8900",0,0.264046319391769
"8901",0,0.117034821447217
"8902",0,0.229340202622151
"8903",0,0.460467325733911
"8904",0,0.232091826743972
"8905",0,0.0491949645703993
"8906",1,0.694974934539667
"8907",1,0.394819252445413
"8908",1,0.196287835240031
"8909",1,0.591303564071183
"8910",1,0.550237556785426
"8911",0,0.217216169628739
"8912",0,0.173926204191961
"8913",0,0.464996206234638
"8914",0,0.459970023133024
"8915",0,0.279250065278371
"8916",0,0.0744762229950549
"8917",1,0.398613362828075
"8918",1,0.43738209253704
"8919",0,0.587639627428463
"8920",1,0.665856384466411
"8921",0,0.528825549207432
"8922",0,0.259118844315215
"8923",1,0.497911526511124
"8924",1,0.654874938811276
"8925",1,0.594104330988985
"8926",1,0.404662086259988
"8927",1,0.392735292946889
"8928",0,0.0494584015083325
"8929",0,0.0684492112549933
"8930",0,-0.0454376285461769
"8931",0,0.15239709530716
"8932",0,0.25881384556591
"8933",1,0.815633231374848
"8934",1,0.677022542945923
"8935",1,0.634572699689232
"8936",0,0.682984886250393
"8937",0,0.116761869660804
"8938",0,0.531691567185386
"8939",0,0.354880041116004
"8940",0,0.376831318400557
"8941",0,0.523653329064062
"8942",0,0.356870215561323
"8943",0,0.323766255692987
"8944",0,0.280402970830439
"8945",0,0.155293668957764
"8946",1,0.382981334351274
"8947",1,0.303012051115289
"8948",0,0.39992892812105
"8949",0,0.552308775405078
"8950",0,0.497192419787455
"8951",0,0.32029392060464
"8952",0,0.219344036850689
"8953",0,0.223399939832672
"8954",0,0.14910944698064
"8955",0,0.171994473332378
"8956",1,0.642188648517764
"8957",1,0.770993946530868
"8958",0,0.692741970284773
"8959",0,0.268539516635451
"8960",1,0.380937390973009
"8961",1,0.231028281949918
"8962",0,0.474073005167999
"8963",1,0.300041972105257
"8964",1,0.586442302699464
"8965",1,0.468312650059642
"8966",1,0.40598225179647
"8967",1,0.104572726643192
"8968",0,0.0561605400820319
"8969",0,0.252504266404388
"8970",0,0.596514144962537
"8971",1,0.624739647707223
"8972",1,0.563123195415498
"8973",1,0.348937669569159
"8974",1,0.634602685835826
"8975",0,0.522257253981275
"8976",1,0.487584056825067
"8977",1,0.324012201068745
"8978",0,0.458926300072163
"8979",0,0.540016364279434
"8980",0,0.502918381899044
"8981",0,0.297363853705862
"8982",0,0.192124028250651
"8983",1,0.330632552335141
"8984",1,0.700681448159939
"8985",0,0.239467332663634
"8986",0,0.235694430946454
"8987",1,0.396667715811203
"8988",1,0.0360307071897159
"8989",0,0.00973037788053677
"8990",0,0.102621869110912
"8991",0,0.278534019808258
"8992",0,0.429236099721923
"8993",0,0.522105900180244
"8994",1,0.367541373291508
"8995",0,0.378911240581841
"8996",1,0.799375854780807
"8997",0,0.540052492846545
"8998",0,0.219377983941825
"8999",0,0.210287611666447
"9000",1,0.663776455523122
"9001",0,0.697487506052364
"9002",1,0.597673176095703
"9003",0,0.629931100193552
"9004",0,0.392062026545099
"9005",0,0.292135459839258
"9006",1,0.285274754842517
"9007",1,0.28957320603837
"9008",1,0.393242314541561
"9009",1,0.716555062463749
"9010",0,0.764967249024909
"9011",1,0.750603632830737
"9012",1,0.404467718894512
"9013",0,0.595407714776637
"9014",1,0.614499726180842
"9015",0,0.575649051864016
"9016",1,0.415010293261688
"9017",1,0.364681856242995
"9018",0,0.283808782730367
"9019",1,0.72327666689692
"9020",1,0.231156497475415
"9021",0,0.491099301008483
"9022",0,0.52119780889997
"9023",1,0.477648286283083
"9024",1,0.402160927537172
"9025",1,0.786640062178706
"9026",1,0.726078297772487
"9027",0,0.346034696405427
"9028",1,0.535182099779358
"9029",0,0.41607184234124
"9030",0,0.414290626999489
"9031",0,0.265498374166375
"9032",1,0.721891104059337
"9033",1,0.683331217766444
"9034",1,0.382981334351274
"9035",0,0.414993755320166
"9036",0,0.488661112843583
"9037",0,0.52972712012934
"9038",1,0.404464360457387
"9039",0,0.395071051917343
"9040",1,0.713154824789381
"9041",1,0.707075647126296
"9042",1,0.453755213689351
"9043",1,0.502167400250511
"9044",0,0.206035461277587
"9045",0,0.561428442521439
"9046",1,0.529588205255734
"9047",0,0.361475885576146
"9048",0,0.35711571869028
"9049",1,0.383811814245144
"9050",0,0.335399627683983
"9051",1,0.516886819160784
"9052",1,0.807189034748642
"9053",0,0.407979837154869
"9054",0,0.495550620548719
"9055",1,0.819979004752783
"9056",0,0.623279483285941
"9057",1,0.669304334920374
"9058",1,0.713192804615583
"9059",0,0.663572994751987
"9060",1,0.789430446229769
"9061",0,0.256108330717727
"9062",1,0.76469088511051
"9063",1,0.672979506946175
"9064",0,0.319778413836409
"9065",0,0.579745740394746
"9066",0,0.354444921831121
"9067",1,0.389446473339381
"9068",1,0.437858659900541
"9069",1,0.761917837011508
"9070",0,0.684855927227785
"9071",0,0.447085719869276
"9072",0,0.283195168432765
"9073",0,0.341914001807222
"9074",1,0.603846604010056
"9075",0,0.421494014734995
"9076",0,0.296269542393534
"9077",0,0.223127655143771
"9078",0,0.469602299604948
"9079",0,0.284763626590824
"9080",1,0.499565349025166
"9081",1,0.491406514682473
"9082",1,0.85789654348061
"9083",1,0.597033398098239
"9084",1,0.583816884575822
"9085",0,0.239311907567556
"9086",0,0.22845465529846
"9087",0,0.716875246349434
"9088",0,0.488116974450293
"9089",0,0.144368252975517
"9090",0,0.143524758730464
"9091",0,0.269887969475591
"9092",1,0.431127407137594
"9093",1,0.484008775709983
"9094",0,0.491406406892186
"9095",1,0.7490936347211
"9096",1,0.496878440687887
"9097",0,0.534542134789644
"9098",1,0.497826188661944
"9099",1,0.228156590461503
"9100",1,0.510335547033971
"9101",0,0.46192336047281
"9102",0,-0.0426456720402435
"9103",1,0.453755213689351
"9104",1,0.692688385757353
"9105",0,0.524813975802911
"9106",0,0.258950908842374
"9107",1,0.280801931758674
"9108",1,0.506596175834166
"9109",1,0.751437263273349
"9110",0,0.170515382802128
"9111",1,0.410067499611744
"9112",0,0.516886819160784
"9113",1,0.929967635255787
"9114",1,0.523434284484785
"9115",1,0.49062314956449
"9116",1,0.417135387135293
"9117",1,0.43799257775455
"9118",0,0.321254449114324
"9119",0,0.382897888407753
"9120",1,0.452157291767048
"9121",0,0.658038455982776
"9122",0,0.295342836067064
"9123",0,0.669304334920374
"9124",1,0.70417798596272
"9125",1,0.935994332761745
"9126",0,0.393927729080162
"9127",0,0.165561352687843
"9128",0,0.491604177718273
"9129",0,0.354323625706909
"9130",1,0.624343028079995
"9131",1,0.205745110187112
"9132",1,0.552973877922792
"9133",1,0.5743719443849
"9134",0,0.79599423010003
"9135",1,0.437858659900541
"9136",0,0.268207731089501
"9137",0,0.548193197950135
"9138",0,0.513659147001063
"9139",1,0.482378478362233
"9140",1,0.523653329064062
"9141",1,0.601592808221277
"9142",1,0.0258734725763059
"9143",0,-0.0130307811229609
"9144",1,0.54424481779169
"9145",0,0.249800929018574
"9146",0,0.305468041620391
"9147",0,0.355558943193449
"9148",0,0.317735566287428
"9149",0,0.744791161385788
"9150",0,0.541586210043488
"9151",0,0.338565198685265
"9152",0,0.285521797257637
"9153",1,0.837611070777859
"9154",1,0.559207319166076
"9155",1,0.609961100271544
"9156",1,0.856176931719084
"9157",0,0.564781214876551
"9158",0,0.638909023846336
"9159",0,0.237757809130047
"9160",0,0.225043905601304
"9161",1,0.529328159201105
"9162",1,0.480915972639944
"9163",1,0.641556735624611
"9164",1,0.132052909958298
"9165",1,0.0415170467896537
"9166",0,0.0280299741611537
"9167",0,-0.0177661122684876
"9168",0,0.495150796187567
"9169",1,0.369041059115568
"9170",1,0.490122791947205
"9171",1,0.449929639512309
"9172",1,0.440726588089256
"9173",0,-0.0193830132664318
"9174",1,0.679568420552973
"9175",1,0.772619891958114
"9176",1,0.481835305452469
"9177",1,0.765945455969782
"9178",1,0.709390072995405
"9179",0,0.388332435506841
"9180",0,0.360251379730431
"9181",0,0.624343028079995
"9182",0,0.494445024492836
"9183",0,0.495144874166822
"9184",1,0.314046635386885
"9185",1,0.481785944408976
"9186",0,0.389038805539193
"9187",1,0.587737405553719
"9188",1,0.612231463544021
"9189",0,0.331055980043447
"9190",1,0.543423537625737
"9191",1,0.455365424343663
"9192",1,0.288627968922923
"9193",0,0.257246896498098
"9194",0,0.309872611093583
"9195",1,0.422012105130719
"9196",0,0.289627420449401
"9197",1,0.823095838677012
"9198",0,0.885328350411806
"9199",0,0.17186713293556
"9200",1,0.345087732623644
"9201",1,0.335494876600221
"9202",0,0.485419084273633
"9203",0,0.270135813905554
"9204",0,0.50637434107634
"9205",0,0.481807105183274
"9206",0,0.232321998916042
"9207",1,0.67863738205294
"9208",1,0.418264047043672
"9209",1,0.855634410934363
"9210",1,0.788914621158499
"9211",1,0.798998483439837
"9212",1,0.347390613872364
"9213",1,0.324234539540023
"9214",1,0.675958998151869
"9215",0,0.294649191874791
"9216",0,0.171613941855586
"9217",1,0.557638897662231
"9218",1,0.503342435738171
"9219",1,0.491303325906288
"9220",1,0.519940958135598
"9221",0,0.471528771574438
"9222",0,0.366769326390422
"9223",1,0.728917547081979
"9224",0,0.442994220331026
"9225",0,0.559828906667518
"9226",1,0.551754622299331
"9227",1,0.509226711101071
"9228",1,0.504772361742448
"9229",0,0.436613686201409
"9230",0,0.43529613666662
"9231",0,0.361522120864107
"9232",1,0.574585507069962
"9233",0,0.190806284536392
"9234",0,0.29330359717416
"9235",1,0.534542134789644
"9236",1,0.766593194452155
"9237",1,0.76469088511051
"9238",1,0.545290627249048
"9239",0,0.548154438558503
"9240",1,0.491406514682473
"9241",1,0.619953287293746
"9242",1,0.570848446181761
"9243",0,0.361616166623256
"9244",1,0.632038494655303
"9245",0,0.289564116852971
"9246",0,0.43411144012039
"9247",0,0.357518859558274
"9248",0,0.34971062262346
"9249",1,0.433118637176406
"9250",1,0.486173717754628
"9251",1,0.327462361597349
"9252",0,0.325183076593395
"9253",1,0.703093681105042
"9254",0,0.0326797803353663
"9255",1,0.542550811355105
"9256",0,0.481562361747629
"9257",1,0.50134217743417
"9258",0,0.449959372487171
"9259",1,0.229336588336288
"9260",0,0.362974449201534
"9261",1,0.710848548843476
"9262",1,0.721891104059337
"9263",1,0.7616740607492
"9264",0,0.538411516444586
"9265",0,0.632728481688985
"9266",1,0.477053710164751
"9267",1,0.525465896725911
"9268",1,0.475523192409478
"9269",1,0.429236099721923
"9270",1,0.671688278963797
"9271",1,0.672755214641156
"9272",1,0.627968039175188
"9273",0,0.587737405553719
"9274",1,0.599690498879632
"9275",1,0.436864441839169
"9276",0,0.232988916098271
"9277",0,0.372198679713007
"9278",1,0.504398256554289
"9279",1,0.536823309563198
"9280",1,0.431251098769376
"9281",1,0.544521674857773
"9282",1,0.748701323489091
"9283",1,0.473028721237509
"9284",1,0.45576072907088
"9285",1,0.576544784247363
"9286",1,0.587737405553719
"9287",1,0.479633639457904
"9288",1,0.0339787581014652
"9289",0,0.392297459517144
"9290",0,0.242021264490682
"9291",0,0.200156543253523
"9292",0,0.563235627538351
"9293",1,0.290498561076042
"9294",0,0.240133464344463
"9295",0,0.412690874071446
"9296",0,0.336982404569391
"9297",0,0.318557123064335
"9298",0,0.546995528215476
"9299",0,0.500569478328208
"9300",0,0.517155315833247
"9301",0,0.553180621660117
"9302",0,0.193588823097269
"9303",0,0.417230264635226
"9304",1,0.378658971116117
"9305",1,0.815633231374848
"9306",1,0.684278262237998
"9307",0,0.505390022600399
"9308",1,0.685491455845115
"9309",1,0.766593194452155
"9310",1,0.281401102659432
"9311",1,0.862954443548336
"9312",0,0.541231739897708
"9313",1,0.408917972354266
"9314",0,0.612231463544021
"9315",1,0.613535124869225
"9316",1,0.462349681167043
"9317",0,0.260559637903074
"9318",0,0.229463964993167
"9319",1,0.654475759012627
"9320",1,0.623470895411209
"9321",1,0.482003272447174
"9322",1,0.572975495683765
"9323",1,0.555373270423837
"9324",0,0.546995528215476
"9325",1,0.642188648517764
"9326",0,0.350319443649165
"9327",1,0.379299859567712
"9328",0,0.538411516444586
"9329",1,0.642792460168982
"9330",1,0.373389041847825
"9331",1,0.420403073492154
"9332",1,0.838256257091452
"9333",1,0.568702216069107
"9334",0,0.193232868965533
"9335",0,0.819129769177628
"9336",0,0.770717582616468
"9337",0,0.461973426341928
"9338",1,0.710520499983363
"9339",1,0.702942758694889
"9340",0,0.3448071884954
"9341",0,0.598820420908442
"9342",1,0.591303564071183
"9343",1,0.573529155108069
"9344",1,0.465758641557388
"9345",0,0.602178878330631
"9346",1,0.688901986508413
"9347",1,0.704370340413624
"9348",1,0.497433104398145
"9349",0,0.387444473895141
"9350",1,0.774490484333648
"9351",1,0.498140051919245
"9352",0,0.15323233035795
"9353",0,0.278405676969201
"9354",0,0.28459717115107
"9355",0,0.634854489260625
"9356",0,0.602178878330631
"9357",0,0.499050694507658
"9358",1,0.496680097505096
"9359",0,0.567950785018184
"9360",0,0.476969160190244
"9361",0,0.428556973629084
"9362",0,0.351706400518292
"9363",0,0.287156373747847
"9364",0,0.241114784189248
"9365",1,0.423684023740283
"9366",0,0.216679054097187
"9367",1,0.171376579292105
"9368",0,0.347021907986145
"9369",0,0.168611463195487
"9370",1,0.479539593698755
"9371",0,0.455082195421338
"9372",1,0.61402925517767
"9373",1,0.649665333645556
"9374",0,0.362974449201534
"9375",0,0.627350067397921
"9376",0,0.344115320286713
"9377",0,0.319621262296411
"9378",0,0.242826183923798
"9379",0,0.197374464900531
"9380",0,0.536045799526453
"9381",0,0.299035596283346
"9382",0,0.28336073634219
"9383",0,0.269887969475591
"9384",0,0.22147578291443
"9385",0,-0.0265341410463248
"9386",0,0.386786737442542
"9387",1,0.572067847860371
"9388",1,0.495212398942313
"9389",1,0.480962783200776
"9390",0,0.47172974347141
"9391",0,0.563685598838031
"9392",1,0.740649438094893
"9393",0,0.599167809963967
"9394",1,0.460369262035302
"9395",0,0.296795012444772
"9396",1,0.315860507790708
"9397",0,0.409934307425268
"9398",0,0.505768949503301
"9399",0,0.554181136064462
"9400",0,0.365305568777573
"9401",1,0.755487833687457
"9402",1,0.420209500467132
"9403",1,0.421467503710337
"9404",0,0.528336210839784
"9405",1,0.651838396374537
"9406",0,0.361532667060394
"9407",0,0.369208308612991
"9408",1,0.597330261577142
"9409",1,0.643376552488619
"9410",0,0.524178887083745
"9411",1,0.493174023482327
"9412",0,0.79599423010003
"9413",0,0.28896755444625
"9414",0,0.663835460645982
"9415",0,0.814542256987175
"9416",0,0.516724836620802
"9417",0,0.183636925606359
"9418",1,0.3735891744105
"9419",1,0.563732016441203
"9420",1,0.512198782374722
"9421",1,0.468000123847886
"9422",1,0.68407841719104
"9423",1,0.657668108743205
"9424",1,0.560678221447693
"9425",1,0.588759277224103
"9426",0,0.280851220652142
"9427",1,0.639439132347059
"9428",0,0.177167743244843
"9429",0,0.178248620038088
"9430",1,0.791870788133185
"9431",0,0.301651003743821
"9432",0,0.255990441304482
"9433",0,0.435262797227881
"9434",1,0.51942368533502
"9435",0,0.394437353526923
"9436",1,0.478372249312839
"9437",0,0.770717582616468
"9438",0,0.680190008054415
"9439",1,0.330981426555494
"9440",0,0.18363170772516
"9441",0,0.184552431720346
"9442",1,0.510385612903088
"9443",1,0.442994220331026
"9444",0,0.502303032031099
"9445",0,0.292972581686619
"9446",0,0.433094631610923
"9447",0,0.383133280595601
"9448",0,0.238744187186687
"9449",1,0.475867070941332
"9450",0,0.529328159201105
"9451",0,0.44771668843224
"9452",1,0.577913978123141
"9453",0,0.613028823899224
"9454",1,0.445659185720974
"9455",1,0.513016255960279
"9456",1,0.406645441757571
"9457",0,0.340824277263009
"9458",0,0.525465896725911
"9459",0,0.481893768447291
"9460",1,0.520491069614237
"9461",0,0.242944073337044
"9462",0,0.188544801483086
"9463",1,0.535559512537529
"9464",0,0.433094631610923
"9465",0,0.479527359229889
"9466",1,0.358951687355597
"9467",0,0.699268078342734
"9468",0,0.641212434929378
"9469",1,0.616522949736987
"9470",0,0.556378872162912
"9471",0,0.302015907840974
"9472",1,0.564881422727217
"9473",1,0.262163963958636
"9474",0,0.426640220611043
"9475",0,0.459970023133024
"9476",1,0.702942758694889
"9477",1,0.745204785686311
"9478",1,0.646562747978506
"9479",0,0.358652942833184
"9480",1,0.506534319233983
"9481",1,0.56688724022413
"9482",1,0.41982384267929
"9483",0,0.6685155399454
"9484",1,0.351406304230471
"9485",1,0.729495212071766
"9486",1,0.74459131633883
"9487",0,0.344405807854626
"9488",1,0.752074535112354
"9489",1,0.673478917498177
"9490",0,0.422012105130719
"9491",0,0.393242314541561
"9492",0,0.636149592114879
"9493",1,0.821042549546837
"9494",0,0.738513649038586
"9495",1,0.789967532594072
"9496",0,0.668837782829801
"9497",1,0.683177240701297
"9498",1,0.432306654188758
"9499",0,0.503342435738171
"9500",0,0.0370580156263722
"9501",0,0.00135973259395514
"9502",1,0.367350515811885
"9503",1,0.489475364240739
"9504",1,0.727980607114133
"9505",1,0.714137563343501
"9506",1,0.383907063161381
"9507",1,0.480498816953575
"9508",1,0.71918152229534
"9509",0,0.407858898918114
"9510",1,0.534542134789644
"9511",1,0.935994332761745
"9512",0,0.645175077189808
"9513",1,0.421494014734995
"9514",0,0.309758934679878
"9515",1,0.532948392940602
"9516",1,0.881555448694627
"9517",0,0.208749823876738
"9518",0,0.0334343581273786
"9519",1,-0.0164763920591706
"9520",1,0.584316295127825
"9521",1,0.62308502483679
"9522",0,0.568903256175397
"9523",0,0.201489169572648
"9524",1,0.573013069094685
"9525",1,0.72142211844341
"9526",0,0.62010335338424
"9527",0,0.613650411400667
"9528",0,0.824815451264016
"9529",1,0.530392589419288
"9530",1,0.652641925641591
"9531",1,0.594168595396092
"9532",0,0.468030374282534
"9533",0,0.4180829643831
"9534",1,0.581953806946459
"9535",0,0.633668256452488
"9536",0,0.421354655926929
"9537",0,0.0979147933060161
"9538",1,0.228276657828098
"9539",1,0.713902270077576
"9540",0,0.39896291055089
"9541",0,0.586599631588729
"9542",1,0.4177757428119
"9543",1,0.369363556250739
"9544",0,0.369363556250739
"9545",0,0.353711903781102
"9546",1,0.523653329064062
"9547",0,0.356833555848438
"9548",1,0.737534620082415
"9549",0,0.675510951763693
"9550",1,0.638375587553005
"9551",1,0.651539844933689
"9552",1,0.567435147606659
"9553",1,0.519022961045498
"9554",1,0.60800264079761
"9555",1,0.648102685440792
"9556",1,0.587749764450645
"9557",0,0.675720617191062
"9558",0,0.67300993188225
"9559",0,0.680587673170724
"9560",1,0.482378478362233
"9561",0,0.22043555852716
"9562",1,0.316171871262485
"9563",1,0.594168595396092
"9564",0,0.499634228264671
"9565",0,0.305283783840435
"9566",0,0.654681494543882
"9567",0,0.628751458414504
"9568",0,0.591026945785899
"9569",0,0.434112817717348
"9570",1,0.482525004278508
"9571",0,0.617390986564854
"9572",0,0.538635367057027
"9573",0,-0.0686068518242475
"9574",1,0.619569238525336
"9575",1,0.526517767120195
"9576",1,0.475929711312894
"9577",1,0.545689812192675
"9578",1,0.450877636007327
"9579",1,0.725565784411493
"9580",1,0.509761793222023
"9581",1,0.67486448033576
"9582",1,0.641153429806518
"9583",0,0.304761201889577
"9584",1,0.705869755074704
"9585",1,0.695159362545151
"9586",0,0.607508427363266
"9587",0,0.6215144285317
"9588",0,0.573102241970539
"9589",0,0.824341856210314
"9590",0,0.231156497475415
"9591",0,0.30676701938649
"9592",1,0.418291373808636
"9593",1,0.575492216126434
"9594",1,0.774903019566893
"9595",1,0.696378974824628
"9596",1,0.439824909377061
"9597",0,0.463805126824954
"9598",1,0.225733877122349
"9599",1,0.713154824789381
"9600",0,0.664742638228221
"9601",1,0.566743018096727
"9602",0,0.723424811889792
"9603",0,0.644829194275615
"9604",1,0.449248894074234
"9605",1,0.759466105604993
"9606",0,0.360435661188875
"9607",0,0.309480693921966
"9608",1,0.776403264702856
"9609",1,0.729817234068164
"9610",1,0.622754593401325
"9611",1,0.450156985354507
"9612",0,0.295295016544678
"9613",1,0.599377026650488
"9614",1,0.606204766038062
"9615",1,0.557792579476902
"9616",1,0.84449390513912
"9617",0,0.2009087245758
"9618",0,0.224463484626726
"9619",0,0.193187573044705
"9620",0,0.46770172108282
"9621",1,0.544576439141509
"9622",0,0.489681108313004
"9623",0,0.544381536841324
"9624",1,0.490851743181929
"9625",0,0.670769335734179
"9626",0,0.761514531193415
"9627",0,0.348750149688882
"9628",1,0.277447073916386
"9629",1,0.55380220916156
"9630",1,0.505390022600399
"9631",1,0.525255600422027
"9632",1,0.561690392841316
"9633",1,0.434045432431042
"9634",0,0.338595586992071
"9635",0,0.373249652944129
"9636",0,0.560538907189451
"9637",0,0.364712617736825
"9638",1,0.268236750065768
"9639",1,0.498252462725675
"9640",0,0.549145541352599
"9641",0,0.426640220611043
"9642",0,0.402735812268069
"9643",0,0.530225800049931
"9644",0,0.553393478118031
"9645",1,0.657566542439647
"9646",1,0.612965793509515
"9647",0,0.291709921011288
"9648",0,0.312640292823416
"9649",1,0.67863738205294
"9650",1,0.63518573742342
"9651",1,0.559402632603787
"9652",0,0.442867147784037
"9653",0,0.306417608004426
"9654",1,0.263165280029573
"9655",1,0.576544784247363
"9656",1,0.521621792075086
"9657",0,0.586599631588729
"9658",1,0.850178335455061
"9659",1,0.417383114709113
"9660",0,0.110247735234532
"9661",0,0.0996884014189776
"9662",0,0.159029910962059
"9663",0,0.116008742321139
"9664",1,0.349810191820851
"9665",0,0.716176829057369
"9666",1,0.777782810543947
"9667",0,0.471027012658792
"9668",0,0.514807984353484
"9669",1,0.509036569267872
"9670",1,0.47172974347141
"9671",0,0.317497558513644
"9672",0,0.162486540470485
"9673",0,0.630787108404196
"9674",0,0.341612324955031
"9675",1,0.762553365628837
"9676",1,0.539177599731842
"9677",0,0.253242211879846
"9678",0,0.56383182300192
"9679",1,0.55345573299782
"9680",1,0.52119780889997
"9681",0,0.211072670908997
"9682",0,0.405527905251441
"9683",1,0.35757006523531
"9684",1,0.556012454819455
"9685",1,0.6832467293581
"9686",0,0.251923738418353
"9687",1,0.398431003267786
"9688",0,0.586442302699464
"9689",0,0.634854489260625
"9690",0,0.842942861356604
"9691",0,0.484151480851529
"9692",1,0.425496537443482
"9693",1,0.538187445027569
"9694",0,0.229340202622151
"9695",0,0.620019335217051
"9696",1,0.774490484333648
"9697",0,0.602178878330631
"9698",1,0.580261923378835
"9699",0,0.495144874166822
"9700",1,0.59019292571781
"9701",0,0.177193980767532
"9702",0,0.298849471686688
"9703",0,0.379312010229271
"9704",0,0.873761821026951
"9705",0,0.49955309057332
"9706",0,0.315522195247903
"9707",0,0.60153000267244
"9708",1,0.562970116379547
"9709",0,0.49328931001377
"9710",0,0.515595094569128
"9711",1,0.398206615950409
"9712",1,0.343419147768435
"9713",1,0.564007281130288
"9714",0,0.929967635255787
"9715",1,0.458183989273006
"9716",0,0.83732680771966
"9717",0,0.807792846399859
"9718",1,0.789430446229769
"9719",1,0.752750150681523
"9720",0,0.614499726180842
"9721",0,0.662911912742002
"9722",0,0.362974449201534
"9723",1,0.718181007890995
"9724",1,0.766593194452155
"9725",0,0.536245644573412
"9726",0,0.485276628400329
"9727",1,0.431570037011599
"9728",0,0.579590930107952
"9729",1,0.692741970284773
"9730",0,0.315522195247903
"9731",1,0.511506083454152
"9732",0,0.486409621530166
"9733",0,0.758144935294328
"9734",0,0.693587263750968
"9735",1,0.525509105382428
"9736",0,0.413532863529495
"9737",0,0.378210278930049
"9738",0,0.351836630195099
"9739",0,0.18650304444424
"9740",0,0.364141645023762
"9741",0,0.374326708962644
"9742",1,0.246077936901153
"9743",0,0.291247493082579
"9744",0,0.38703713041197
"9745",0,0.43948744332606
"9746",0,0.145597592648455
"9747",1,0.55959045423645
"9748",0,0.419142396808074
"9749",0,0.661947311430385
"9750",1,0.435262797227881
"9751",1,0.431127407137594
"9752",1,0.454295085205694
"9753",0,0.673717143979691
"9754",0,0.36775280069807
"9755",0,0.591159806358274
"9756",0,0.58326443327455
"9757",1,0.528132597686202
"9758",0,0.423409812215072
"9759",0,0.474073005167999
"9760",1,0.378480135238574
"9761",1,0.166154727041744
"9762",1,0.360251379730431
"9763",0,0.277827993082908
"9764",0,0.171177353418486
"9765",0,0.590487447456579
"9766",0,0.287724094128716
"9767",0,0.245859372891557
"9768",0,0.200036476715574
"9769",0,0.356692608777853
"9770",0,0.106997318808714
"9771",1,0.860150339269389
"9772",1,0.843637768283817
"9773",1,0.565238224839507
"9774",0,0.361475885576146
"9775",0,0.481893768447291
"9776",1,0.333394112302454
"9777",1,0.394446882966587
"9778",1,0.642188648517764
"9779",0,0.593776461956604
"9780",1,0.522219680570355
"9781",0,0.421827823672275
"9782",0,0.642618355368172
"9783",1,0.499592185906848
"9784",1,0.789430446229769
"9785",0,0.417826343640672
"9786",1,0.425330765503375
"9787",0,0.741018259668608
"9788",1,0.642580781957252
"9789",1,0.266842687897553
"9790",1,0.276988754743422
"9791",0,0.223308197080858
"9792",1,0.576804161781066
"9793",0,0.811565748117039
"9794",0,0.775929669649153
"9795",1,0.391591609779328
"9796",0,0.388580541412663
"9797",1,0.423638581703739
"9798",1,0.369550963195751
"9799",0,0.322488438701187
"9800",1,0.529974548308789
"9801",0,0.191664222728032
"9802",0,0.32003879993323
"9803",1,0.548918075015981
"9804",0,0.443328651669492
"9805",1,0.821621509156441
"9806",0,0.403918156115595
"9807",0,0.298978427311204
"9808",1,0.502462561586884
"9809",0,0.330807677897046
"9810",1,0.508307329590315
"9811",0,0.300041972105257
"9812",0,0.478272525236306
"9813",0,0.504617455310427
"9814",1,0.493207644835817
"9815",0,0.664937540528406
"9816",0,0.265855408904148
"9817",0,0.248362099187236
"9818",1,0.684815348602301
"9819",0,0.461850847939854
"9820",0,0.600938840107073
"9821",0,0.461973426341928
"9822",0,0.198186899079818
"9823",0,0.149774712518657
"9824",1,0.881555448694627
"9825",1,0.929967635255787
"9826",0,0.491879289055976
"9827",0,0.485419084273633
"9828",0,0.131855297090962
"9829",0,0.451439812018435
"9830",0,0.109006930452109
"9831",1,0.294994251952208
"9832",1,0.279354113074844
"9833",1,0.67300993188225
"9834",0,0.619995329651568
"9835",1,0.486008921078718
"9836",0,0.348538056737899
"9837",0,0.495951159310962
"9838",0,0.449760679919046
"9839",0,0.67487331107039
"9840",1,0.48033674182708
"9841",0,0.378140118792138
"9842",0,0.269085371952484
"9843",0,0.313910560727536
"9844",1,0.514807984353484
"9845",0,0.419339528698101
"9846",1,0.449872713755298
"9847",0,0.130538888517559
"9848",0,0.0235082495588216
"9849",1,0.55324127817506
"9850",1,0.555290952406537
"9851",0,0.186966602044698
"9852",1,0.367875994551324
"9853",0,0.31299600477788
"9854",1,0.62308502483679
"9855",1,0.565238224839507
"9856",1,0.692237251533733
"9857",1,0.801766148893901
"9858",1,0.789430446229769
"9859",0,0.425721043764627
"9860",0,0.27777530406449
"9861",0,0.303279256802395
"9862",0,0.459982918982246
"9863",0,0.286528737696843
"9864",0,0.286375104730901
"9865",0,0.389644086206717
"9866",0,0.174896010519697
"9867",0,0.223344856793743
"9868",1,0.529374969761937
"9869",1,0.480962783200776
"9870",0,0.752074535112354
"9871",0,0.781399873904085
"9872",0,0.504516794163895
"9873",1,0.445659185720974
"9874",1,0.434376640419611
"9875",0,0.344948817750038
"9876",0,0.448089094183289
"9877",0,0.484008775709983
"9878",1,0.397771017893334
"9879",0,0.284471863570083
"9880",0,0.238847960843629
"9881",1,0.807703472568691
"9882",1,0.763064187724711
"9883",0,0.331642931114717
"9884",0,0.694181155600278
"9885",1,0.403918156115595
"9886",0,0.360554871253047
"9887",0,0.489724657637636
"9888",0,0.824815451264016
"9889",1,0.773977970972653
"9890",0,0.21290999445495
"9891",1,0.487687810958735
"9892",0,0.112794333992954
"9893",1,0.55380220916156
"9894",0,0.433609190819861
"9895",1,0.762553365628837
"9896",0,0.741018259668608
"9897",1,0.544278159576283
"9898",1,0.646085362656863
"9899",1,0.795225581722657
"9900",1,0.642188648517764
"9901",0,0.540052492846545
"9902",0,0.510342703176059
"9903",1,0.488551701784467
"9904",0,0.406423679906042
"9905",0,0.228576568182261
"9906",1,0.17517817336154
"9907",0,0.2559211145718
"9908",1,0.527236865302855
"9909",1,0.414458253720231
"9910",0,0.0419981974948818
"9911",0,0.294649191874791
"9912",0,0.382897888407753
"9913",0,0.487556201561533
"9914",0,0.447119550347315
"9915",0,0.644378648982041
"9916",1,0.624978556697325
"9917",0,0.450211226843084
"9918",0,0.552928980725055
"9919",1,0.519439199219952
"9920",1,0.466395797792324
"9921",0,0.194089494227635
"9922",1,0.243989064033913
"9923",0,0.203758430412444
"9924",0,0.0885428733089437
"9925",1,0.459895143029155
"9926",1,0.482525004278508
"9927",0,0.601386064483952
"9928",1,0.829812060465246
"9929",1,0.00386924828400342
"9930",1,0.170919555687754
"9931",0,0.513408392795798
"9932",0,0.454311736888733
"9933",1,0.410429563536496
"9934",0,0.192565809106088
"9935",0,0.427674394055625
"9936",1,0.609090408008853
"9937",1,0.343901048088966
"9938",0,0.169266319062504
"9939",1,0.465216521817839
"9940",0,0.460428267158162
"9941",0,0.12023945697321
"9942",0,0.309706723955784
"9943",1,0.443477689606312
"9944",1,0.856176931719084
"9945",0,0.878828058677624
"9946",0,0.311489487487705
"9947",0,0.381806298863614
"9948",1,0.355505969554435
"9949",1,0.597941497113271
"9950",1,0.569860441336861
"9951",1,0.743562139599671
"9952",1,0.46296765294431
"9953",1,0.286961736949337
"9954",1,0.263015095999016
"9955",0,0.415354171793542
"9956",0,-0.0197190224389056
"9957",1,0.379299859567712
"9958",1,0.614499726180842
"9959",0,0.247298554393182
"9960",0,0.569549468415662
"9961",0,0.229779218210293
"9962",0,0.482404936911913
"9963",1,0.516886819160784
"9964",1,0.490817669312415
"9965",1,0.369624066576066
"9966",0,0.256137266452677
"9967",0,0.261778323160446
"9968",0,0.0650419426957096
"9969",1,0.614550321864635
"9970",1,0.596993533798704
"9971",1,0.761917837011508
"9972",1,0.652879938174495
"9973",0,0.187641610224611
"9974",0,0.215158340317337
"9975",1,0.390469817496076
"9976",1,0.423487348349324
"9977",1,0.515319829880043
"9978",1,0.557638897662231
"9979",0,0.463805126824954
"9980",0,0.408464447820534
"9981",1,0.350039869898199
"9982",1,0.297022013322216
"9983",1,0.71091824563579
"9984",0,0.345276525738614
"9985",0,0.313751716330451
"9986",0,0.381417776389182
"9987",0,0.232091826743972
"9988",0,0.203764935314661
"9989",0,0.337648183621368
"9990",1,0.449959372487171
"9991",1,0.498371559048331
"9992",1,0.545691866890272
"9993",1,0.546995528215476
"9994",1,0.45675772761316
"9995",1,0.520290029507947
"9996",1,0.580261923378835
"9997",1,0.5945051719744
"9998",0,0.291971613580029
"9999",0,0.349191883329097
"10000",1,0.353833079813472
"10001",0,0.483674983789042
"10002",0,0.234797341592155
"10003",1,0.705978729000808
"10004",1,0.668463059788274
"10005",0,0.333394112302454
"10006",0,0.385810983481867
"10007",0,0.742593342161438
"10008",1,0.452610028408553
"10009",1,0.764739750368938
"10010",0,0.524722596976569
"10011",0,0.614550321864635
"10012",0,0.460643236628511
"10013",0,0.576252863515233
"10014",1,0.554948910025402
"10015",1,0.658454396261061
"10016",1,0.687104119483624
"10017",0,0.59378007768078
"10018",1,0.305400585054218
"10019",1,0.348750149688882
"10020",1,0.248971151208972
"10021",1,0.591026945785899
"10022",0,0.62308502483679
"10023",1,0.706771707029243
"10024",1,0.739930339912233
"10025",1,0.670769335734179
"10026",0,0.216055429671636
"10027",1,0.22466627317923
"10028",1,0.837611070777859
"10029",1,0.529974548308789
"10030",1,0.440680221232664
"10031",0,0.370121935908813
"10032",0,0.370121935908813
"10033",0,0.474073005167999
"10034",0,0.538187445027569
"10035",0,0.508671386989115
"10036",1,0.732201178111587
"10037",0,0.289706575853666
"10038",1,0.286867691190188
"10039",0,0.426260686741635
"10040",1,0.389321013798675
"10041",1,0.625369648266179
"10042",1,0.688901986508413
"10043",0,0.788025018693588
"10044",0,0.421248071485458
"10045",1,0.6143604119226
"10046",1,0.584608608817614
"10047",1,0.879390506649981
"10048",0,0.441204379807184
"10049",0,0.232542241322509
"10050",0,0.382981334351274
"10051",0,0.425718088965606
"10052",1,0.449872713755298
"10053",1,0.397246999159813
"10054",1,0.527021282270894
"10055",1,0.251063848881572
"10056",0,0.275890068732704
"10057",0,0.326024454123906
"10058",1,0.348454158666418
"10059",1,0.619953287293746
"10060",0,0.398136741537082
"10061",1,0.529588205255734
"10062",1,0.327355587045343
"10063",1,0.699952031494849
"10064",0,0.696179129777669
"10065",0,0.723424811889792
"10066",0,0.559402632603787
"10067",1,0.582901062902825
"10068",0,0.521860368127965
"10069",1,0.391644392619258
"10070",0,0.475867070941332
"10071",1,0.397695307128786
"10072",0,0.269699113563646
"10073",1,0.27228470684086
"10074",1,0.4209785088921
"10075",0,0.479655295955864
"10076",0,0.218406420623464
"10077",1,0.314901695840984
"10078",1,0.454050375025724
"10079",1,0.741018259668608
"10080",1,0.789430446229769
"10081",1,0.604676440852545
"10082",0,0.248362099187236
"10083",0,0.574089786688036
"10084",0,0.408663566291591
"10085",0,0.568903256175397
"10086",0,0.22318718264898
"10087",1,0.788914621158499
"10088",1,0.521860368127965
"10089",0,0.659847002887253
"10090",0,0.728917547081979
"10091",1,0.471528771574438
"10092",1,0.712247647207142
"10093",1,0.530817123473074
"10094",1,0.312776601967379
"10095",1,0.36118878852854
"10096",0,0.203106727426812
"10097",0,0.131656425023689
"10098",1,0.473722156160014
"10099",1,0.474961275540559
"10100",0,0.291583502255052
"10101",0,0.356932032893141
"10102",1,0.709120378611001
"10103",0,0.68103932283459
"10104",1,0.519078030960162
"10105",1,0.481562361747629
"10106",1,0.339864063231354
"10107",1,0.631076161886452
"10108",1,0.584166228211851
"10109",1,0.46649515094426
"10110",0,0.304402627865642
"10111",0,0.546463620932372
"10112",0,0.547702740312917
"10113",1,0.540612601821747
"10114",1,0.528132597686202
"10115",1,0.497667003791343
"10116",1,0.530305955008451
"10117",0,0.375855034148161
"10118",0,0.288463425956355
"10119",1,0.510335547033971
"10120",1,0.360783830489253
"10121",1,0.641212434929378
"10122",0,0.615160808190827
"10123",1,0.576175087732367
"10124",1,0.541592003825952
"10125",0,0.304366454542434
"10126",0,0.00297455801498345
"10127",0,0.0978705880694929
"10128",0,0.0696173485898957
"10129",0,0.000358457883464364
"10130",0,0.263788826028967
"10131",0,0.335523089747763
"10132",0,0.549529310552111
"10133",0,0.635666230629879
"10134",1,0.3288151573916
"10135",1,0.321592898370739
"10136",0,0.351956419587651
"10137",1,0.486008921078718
"10138",0,0.44585160688302
"10139",0,0.493174023482327
"10140",0,0.584316295127825
"10141",0,0.604424641380616
"10142",0,0.420403073492154
"10143",0,0.360807836054736
"10144",0,0.047242477755469
"10145",0,0.245322704737763
"10146",0,0.66448109376702
"10147",1,0.679568420552973
"10148",0,0.449499339949964
"10149",0,0.46192336047281
"10150",0,0.167767431351535
"10151",1,0.582451932384122
"10152",1,0.579555852614027
"10153",0,0.627968039175188
"10154",1,0.344863380857817
"10155",1,0.253296449554543
"10156",1,0.692237251533733
"10157",1,0.371462054861055
"10158",0,0.336396626226263
"10159",0,0.285345649274489
"10160",1,0.704454349877119
"10161",0,0.363313882402144
"10162",0,0.555627637432257
"10163",0,0.514979316978644
"10164",0,0.369041059115568
"10165",0,0.437659967332416
"10166",0,0.403178085083545
"10167",1,0.74897145777166
"10168",0,0.426640220611043
"10169",0,0.410429563536496
"10170",0,0.0599757089979063
"10171",0,0.252135000904415
"10172",0,0.236509114174426
"10173",0,0.264381530331288
"10174",1,0.481893768447291
"10175",1,0.525465896725911
"10176",0,0.159447032011337
"10177",0,0.219795544528341
"10178",0,0.302751329028383
"10179",0,0.297702427329771
"10180",0,0.191051787665349
"10181",1,0.827527208496522
"10182",0,0.750055967489951
"10183",1,0.366046067159071
"10184",1,0.701260407769543
"10185",1,0.297882292814862
"10186",0,0.373599918569558
"10187",0,0.41946932442497
"10188",0,0.44737509711205
"10189",1,0.41720560717492
"10190",1,0.279618085059658
"10191",1,0.731743404327605
"10192",0,0.642221838142325
"10193",1,0.587589786293002
"10194",0,0.385644777818613
"10195",1,0.538411516444586
"10196",0,0.370262048177593
"10197",0,0.290153012124105
"10198",1,0.100759553441821
"10199",1,0.054681304170337
"10200",1,0.587749764450645
"10201",1,0.475867070941332
"10202",1,0.498371559048331
"10203",1,0.154858198353239
"10204",1,0.275454730684738
"10205",0,0.512641822979876
"10206",0,0.642188648517764
"10207",0,0.485855505550695
"10208",0,0.303994632296071
"10209",0,0.0767546844492273
"10210",1,0.329893614751857
"10211",0,0.437648313545753
"10212",1,0.735725370348859
"10213",0,0.332354957809546
"10214",0,0.215158340317337
"10215",1,0.179646456858457
"10216",1,0.167965166674315
"10217",1,0.50819409775647
"10218",1,0.473845067420115
"10219",1,0.442994220331026
"10220",1,0.488237095938222
"10221",0,0.248955962415655
"10222",1,0.53903533612565
"10223",1,0.504516794163895
"10224",0,0.483084922175075
"10225",1,0.474499623519126
"10226",0,0.5224362596206
"10227",1,0.80948435691945
"10228",1,0.476068804544144
"10229",0,0.544812121890055
"10230",1,0.689624621490538
"10231",1,0.641212434929378
"10232",1,0.449760679919046
"10233",1,0.38767245013239
"10234",0,0.151635927620417
"10235",1,0.0306460742926728
"10236",0,0.535354856707063
"10237",0,0.366581568759006
"10238",0,0.296774285748396
"10239",1,0.565556445584449
"10240",1,0.312100459233881
"10241",0,0.107396134718501
"10242",1,0.564007281130288
"10243",0,0.528825549207432
"10244",1,0.43878507075412
"10245",1,0.579555852614027
"10246",1,0.604676440852545
"10247",1,0.333657549240387
"10248",0,0.369674654827532
"10249",0,0.286092828953793
"10250",0,0.23569107250933
"10251",1,0.784137556910019
"10252",1,0.673478917498177
"10253",1,0.559460267691995
"10254",1,0.154858198353239
"10255",1,0.557638897662231
"10256",1,0.716875246349434
"10257",1,0.626130050890199
"10258",1,0.752074535112354
"10259",1,0.673478917498177
"10260",1,0.303456972484834
"10261",1,0.396062846488153
"10262",1,0.346008818417003
"10263",0,0.249632274608737
"10264",0,0.241985556848603
"10265",0,0.468002538135895
"10266",1,0.544381536841324
"10267",1,0.750618013844788
"10268",0,0.477307923924689
"10269",0,0.456573047423682
"10270",0,0.237875866524993
"10271",0,0.277748774897449
"10272",1,0.134386920848057
"10273",0,0.525965461454775
"10274",0,0.557977882423667
"10275",0,0.446032837931676
"10276",1,0.532280824254694
"10277",1,0.454311736888733
"10278",0,0.486658968017898
"10279",1,0.592342025156898
"10280",1,0.513926351622891
"10281",0,0.471643943553588
"10282",1,0.253886544105267
"10283",0,0.365295022581287
"10284",0,0.165507388557532
"10285",1,0.408492146952125
"10286",0,0.410429563536496
"10287",0,0.330400868623381
"10288",0,0.667393878245305
"10289",0,0.67300993188225
"10290",0,0.171509497915761
"10291",1,0.624739647707223
"10292",0,0.117034821447217
"10293",0,0.173479523011249
"10294",1,0.677251819215357
"10295",1,0.659023063707213
"10296",1,0.773977970972653
"10297",0,0.545727924793373
"10298",0,0.170133020542013
"10299",0,0.669304334920374
"10300",0,0.371462054861055
"10301",0,0.14910944698064
"10302",1,0.628751458414504
"10303",0,0.624978556697325
"10304",1,0.793340608333072
"10305",0,0.304584962416776
"10306",0,0.282816983696648
"10307",0,0.553149307127838
"10308",1,0.567641089477229
"10309",0,0.476430921486244
"10310",0,0.4762120486985
"10311",1,0.644829194275615
"10312",1,0.664937540528406
"10313",0,0.772619891958114
"10314",1,0.557638897662231
"10315",1,0.521621792075086
"10316",0,0.265632080896471
"10317",0,0.0976071511315596
"10318",0,0.443017214700011
"10319",0,0.291127304475879
"10320",0,0.231028281949918
"10321",0,0.475867070941332
"10322",0,0.509272002239917
"10323",0,0.483279380624226
"10324",1,0.466040804399231
"10325",0,0.286239044449846
"10326",0,0.351724450389924
"10327",1,0.637441158169668
"10328",1,0.396051209022149
"10329",1,0.641212434929378
"10330",1,0.597033398098239
"10331",0,0.739498272066038
"10332",0,0.42302981334614
"10333",0,0.519538598457024
"10334",0,0.38435923041731
"10335",1,0.603846604010056
"10336",1,0.4209785088921
"10337",1,0.653139228242478
"10338",1,0.317333285085047
"10339",1,0.134969810377759
"10340",0,0.487833458012251
"10341",0,0.50134217743417
"10342",0,0.507597864028037
"10343",1,0.472295902965954
"10344",1,0.746546164041457
"10345",0,0.254178090749519
"10346",0,0.205765904188359
"10347",0,0.613650411400667
"10348",1,0.780613364672748
"10349",0,0.209537447570723
"10350",1,0.464424538718901
"10351",0,0.276143357544748
"10352",1,0.506172084868764
"10353",1,0.437858659900541
"10354",1,0.389446473339381
"10355",1,0.52119780889997
"10356",0,0.336094110505454
"10357",0,0.624978556697325
"10358",0,0.660252263285851
"10359",0,0.429082871316033
"10360",1,0.636158150585828
"10361",1,0.675762253959082
"10362",1,0.68359792398458
"10363",1,0.644829194275615
"10364",0,0.280046168161737
"10365",1,0.741965989901925
"10366",0,0.195624367304887
"10367",1,0.320468176899483
"10368",1,0.282816983696648
"10369",1,0.797113510050252
"10370",1,0.744791161385788
"10371",1,0.17683649807045
"10372",0,0.383653226402346
"10373",1,0.403455899400915
"10374",1,0.694974934539667
"10375",1,0.680505360520818
"10376",1,0.327355587045343
"10377",1,0.517468862607989
"10378",0,0.22328015044012
"10379",0,0.259502189469349
"10380",0,0.761194347307729
"10381",0,0.249180611890977
"10382",0,0.381314695403283
"10383",1,0.488551701784467
"10384",0,0.41946932442497
"10385",1,0.6685155399454
"10386",1,0.571541100732585
"10387",0,0.557475272429994
"10388",0,0.296580740247025
"10389",1,0.680190008054415
"10390",1,0.622552051473204
"10391",1,0.449020917836984
"10392",0,0.573226162364071
"10393",0,0.515797049198931
"10394",1,0.553180621660117
"10395",1,0.567950785018184
"10396",0,0.268513476141339
"10397",0,0.14524028635269
"10398",0,0.564451123164873
"10399",1,0.431205972494694
"10400",0,0.62308502483679
"10401",0,0.565238224839507
"10402",1,0.338967522425824
"10403",1,0.345458860289747
"10404",1,0.801812906201214
"10405",1,0.705978729000808
"10406",1,0.690882624733743
"10407",0,0.287264929287836
"10408",0,0.13899242288118
"10409",0,0.481893768447291
"10410",0,0.520834681859443
"10411",1,0.408516902057399
"10412",1,0.663361443971379
"10413",0,0.279469221763255
"10414",1,0.55324127817506
"10415",1,0.478272525236306
"10416",0,0.370534228949819
"10417",1,0.45576072907088
"10418",1,0.520056130114749
"10419",1,0.530817123473074
"10420",0,0.478609095709733
"10421",0,0.151733905346059
"10422",1,0.482525004278508
"10423",1,0.466395797792324
"10424",1,0.721953909608175
"10425",0,0.625751123987297
"10426",0,0.0351417651688394
"10427",0,0.141486921584636
"10428",0,0.17228527915011
"10429",0,0.0878430236349574
"10430",1,0.564007281130288
"10431",0,0.261623182697127
"10432",0,0.638415746800584
"10433",0,0.635901478474298
"10434",0,0.605887458991154
"10435",0,0.312395649493575
"10436",1,0.84449390513912
"10437",0,0.360255052401659
"10438",1,0.650591064891792
"10439",1,0.515725612883405
"10440",1,0.483885375617699
"10441",0,0.360942612119537
"10442",1,0.516113907643981
"10443",1,0.555059763802906
"10444",0,0.256137266452677
"10445",0,0.315635427081748
"10446",1,0.689624621490538
"10447",0,0.400836707513073
"10448",0,0.331891406614037
"10449",0,0.24699718938564
"10450",0,0.00257027051790454
"10451",0,0.157767592908845
"10452",0,0.368723200574133
"10453",0,0.464198845879434
"10454",1,0.334721094034441
"10455",0,0.364853924258686
"10456",1,0.242517088903866
"10457",1,0.237872153809513
"10458",1,0.612231463544021
"10459",1,0.604727041681317
"10460",1,0.471821998776232
"10461",1,0.520708089388125
"10462",1,0.431221452896744
"10463",1,0.479633639457904
"10464",1,0.910205171917189
"10465",1,0.944797033304715
"10466",0,0.437344217548347
"10467",1,0.498341826073469
"10468",1,0.594465719374115
"10469",1,0.896384846743555
"10470",1,0.944797033304715
"10471",1,0.658772617831483
"10472",1,0.508947876245272
"10473",0,0.172376597903888
"10474",0,0.0442489198422926
"10475",1,0.769667982891171
"10476",1,0.784137556910019
"10477",0,0.362096921273817
"10478",1,0.516113907643981
"10479",0,0.442874526151454
"10480",0,0.248185951204088
"10481",0,0.23680860901546
"10482",0,0.15100717567957
"10483",0,0.578887280007989
"10484",1,0.592657004352851
"10485",0,0.220220755962467
"10486",1,0.332192033556577
"10487",1,0.250015211938755
"10488",1,0.624665050076394
"10489",0,0.466938993341841
"10490",0,0.134899055403424
"10491",0,0.18006861158485
"10492",0,0.450790936360244
"10493",0,0.468312650059642
"10494",0,0.491099301008483
"10495",0,0.62308502483679
"10496",1,0.529588205255734
"10497",0,0.16666548436884
"10498",0,0.150816854022101
"10499",0,0.425238122177791
"10500",0,0.331899432248769
"10501",1,0.291569934349884
"10502",0,0.219339439486967
"10503",0,0.262911567765587
"10504",0,0.212860759799683
"10505",0,0.44585160688302
"10506",1,0.672327198464431
"10507",1,0.645499203184453
"10508",0,0.435739294290369
"10509",0,0.502723923449893
"10510",1,0.264035224275821
"10511",0,0.552392188203766
"10512",0,0.520134264105917
"10513",0,0.278628034331792
"10514",1,0.626130050890199
"10515",1,0.674542237451359
"10516",1,0.608240653330514
"10517",1,0.540994571224307
"10518",1,0.620288336707996
"10519",1,0.529588205255734
"10520",1,0.545691866890272
"10521",0,0.610586194216961
"10522",1,0.498846250842506
"10523",1,0.573278045318781
"10524",0,0.499851998579596
"10525",0,0.513016255960279
"10526",1,0.546980001753238
"10527",0,0.370730210246914
"10528",0,0.61396863214561
"10529",1,0.595521806916009
"10530",1,0.6215144285317
"10531",1,0.375480086520168
"10532",0,0.159734916348664
"10533",0,0.37105713786381
"10534",0,0.41946932442497
"10535",1,0.591303564071183
"10536",0,0.58171070804776
"10537",1,0.377184830143703
"10538",1,0.408667238962819
"10539",0,0.461973426341928
"10540",0,0.14910944698064
"10541",0,0.449959372487171
"10542",0,0.462930658652617
"10543",0,0.67831505604264
"10544",1,0.331988806294151
"10545",0,0.657668108743205
"10546",0,0.648102685440792
"10547",0,0.228065780327535
"10548",1,0.460219760234162
"10549",1,0.300587458949768
"10550",1,0.461593001032454
"10551",0,0.22695429319924
"10552",0,0.357574793002973
"10553",1,0.713916525365401
"10554",1,0.336238710217394
"10555",0,0.214394618707955
"10556",0,0.545727924793373
"10557",0,0.618981691684145
"10558",0,0.265654157354688
"10559",0,0.409450568716948
"10560",1,0.593105050602038
"10561",1,0.620288336707996
"10562",1,0.658772617831483
"10563",1,0.326439110994256
"10564",1,0.502303032031099
"10565",0,0.49426379344418
"10566",0,0.459781911195309
"10567",0,0.556010050589198
"10568",1,0.397246999159813
"10569",0,0.119971235024839
"10570",0,0.230737909706504
"10571",0,-0.00160073494393741
"10572",0,0.171994473332378
"10573",1,0.52486585875762
"10574",0,0.261056675002285
"10575",0,0.341231899645557
"10576",1,0.62308502483679
"10577",1,0.565238224839507
"10578",1,0.520949695259389
"10579",1,0.558047677639779
"10580",1,0.399676907622129
"10581",0,0.260749569118581
"10582",1,0.421801228408985
"10583",1,0.652879938174495
"10584",1,0.755159784827343
"10585",1,0.541715757313826
"10586",1,0.550755623402806
"10587",0,0.119133557710668
"10588",0,0.553149307127838
"10589",1,0.548918075015981
"10590",1,0.748620039667397
"10591",0,0.327638596757486
"10592",0,0.279226410196326
"10593",0,0.175042405557234
"10594",0,0.278162865402272
"10595",1,0.535565306319993
"10596",1,0.526980007664045
"10597",1,0.850178335455061
"10598",1,0.341781349489208
"10599",0,0.56568281332211
"10600",1,0.498389726239189
"10601",1,0.522257253981275
"10602",0,0.510385612903088
"10603",1,0.578906976955836
"10604",1,0.530494790394676
"10605",1,0.351411924178169
"10606",1,0.593776461956604
"10607",0,0.392655154573382
"10608",0,0.474073005167999
"10609",1,0.610360431270323
"10610",1,0.714137563343501
"10611",1,0.750817858891746
"10612",1,0.789665436307271
"10613",1,0.482470153621369
"10614",0,0.611382302940707
"10615",1,0.43513052593277
"10616",0,0.439171870263907
"10617",1,0.458926300072163
"10618",1,0.564209235760092
"10619",1,0.359621122185863
"10620",0,0.382069735801548
"10621",0,0.498513188302969
"10622",0,0.462009592035315
"10623",1,0.604676440852545
"10624",0,0.428015482229894
"10625",0,0.61780215689485
"10626",1,0.458926300072163
"10627",1,0.722581759969707
"10628",1,0.743562139599671
"10629",0,0.530790664923393
"10630",1,0.400948760947824
"10631",0,0.337826934700532
"10632",0,0.214862904625368
"10633",0,0.232393264262193
"10634",0,0.12837418254464
"10635",1,0.49837548489129
"10636",0,0.211544066860064
"10637",1,0.478976060964056
"10638",0,0.324322442806675
"10639",0,0.604676440852545
"10640",0,0.562975460734674
"10641",1,0.626404866977425
"10642",1,0.543423537625737
"10643",1,0.5401899053927
"10644",1,0.428895737363529
"10645",1,0.721661827789903
"10646",1,0.438165808055499
"10647",1,0.574585507069962
"10648",1,0.298978427311204
"10649",1,0.270738908059491
"10650",0,0.478372249312839
"10651",1,0.393242314541561
"10652",1,0.427724196790432
"10653",0,0.361218612708675
"10654",0,0.400749396656158
"10655",0,0.640852171001134
"10656",0,0.6685155399454
"10657",1,0.657668108743205
"10658",1,0.523653329064062
"10659",0,0.253179704374453
"10660",0,0.2958797992759
"10661",0,0.335399627683983
"10662",1,0.842942861356604
"10663",1,0.0152900369062449
"10664",0,0.0687258421175837
"10665",1,0.578887280007989
"10666",0,0.272266252987186
"10667",1,0.727980607114133
"10668",1,0.714137563343501
"10669",1,0.482378478362233
"10670",1,0.530790664923393
"10671",0,0.405282402122484
"10672",0,0.303105412301152
"10673",0,0.376533877242512
"10674",1,0.700973305962817
"10675",1,0.676651431675702
"10676",0,0.19839489374471
"10677",0,0.434994354613923
"10678",1,0.307313292668727
"10679",0,0.612907012402048
"10680",0,0.240927120084012
"10681",0,0.192514933522851
"10682",1,0.437277796275334
"10683",1,0.451222041703511
"10684",1,0.303294213957132
"10685",0,0.441710605386045
"10686",1,0.449499339949964
"10687",0,0.777098171630069
"10688",0,0.277135284473578
"10689",0,0.243535586449827
"10690",1,0.364666375840945
"10691",0,0.473740897366939
"10692",0,0.34844673798412
"10693",0,0.358114947517804
"10694",0,0.376351542691379
"10695",1,0.58561762761391
"10696",1,0.705978729000808
"10697",1,0.738227875617546
"10698",1,0.463786595813562
"10699",1,0.631122969115101
"10700",1,0.491406406892186
"10701",1,0.440139515223307
"10702",0,0.0152900369062449
"10703",0,0.263721640392233
"10704",0,0.465660421361012
"10705",1,0.538162920196217
"10706",1,0.48434292541828
"10707",1,0.499439029685344
"10708",0,0.586355042157807
"10709",0,0.388151495905276
"10710",0,0.638513290964684
"10711",0,0.607672377343845
"10712",0,0.603727071035477
"10713",0,0.410514113511002
"10714",0,0.388296269813454
"10715",1,0.661441010460385
"10716",1,0.659538701118739
"10717",0,0.352222537398787
"10718",0,0.231986604662126
"10719",1,0.819129769177628
"10720",1,0.807792846399859
"10721",0,0.721891104059337
"10722",0,0.20653807127126
"10723",0,0.274286912566467
"10724",0,0.596127801909482
"10725",0,0.404045022465464
"10726",1,0.542492499125704
"10727",0,0.259681677843708
"10728",1,0.863923240986568
"10729",1,0.815511054425408
"10730",0,0.526943858246427
"10731",0,0.492454850047517
"10732",1,0.554181136064462
"10733",0,0.510963850779338
"10734",0,0.180903846635639
"10735",0,0.187118548289026
"10736",1,0.496369667394377
"10737",0,0.158845696353745
"10738",0,0.671565645455324
"10739",0,0.314775098749535
"10740",0,0.360435661188875
"10741",0,0.528825549207432
"10742",0,0.534585904315789
"10743",0,0.294316895417797
"10744",0,0.156229764203926
"10745",0,0.40001655709061
"10746",0,0.511029066709964
"10747",1,0.739549528535998
"10748",1,0.747127269824472
"10749",0,0.349985065301248
"10750",0,0.404045022465464
"10751",0,0.4177757428119
"10752",1,0.64139977124237
"10753",1,0.621917734349793
"10754",0,0.18824499470646
"10755",0,0.162486540470485
"10756",1,0.29863142339772
"10757",0,0.671098005122952
"10758",1,0.741018259668608
"10759",1,0.544204633869147
"10760",0,0.154858198353239
"10761",1,0.602178878330631
"10762",0,0.217933542487768
"10763",1,0.53861346548979
"10764",1,0.568546450667077
"10765",0,0.30550103475321
"10766",0,0.506596175834166
"10767",0,0.38767245013239
"10768",0,0.433737149464684
"10769",1,0.500811258768181
"10770",0,0.706080295304365
"10771",1,0.50995056634054
"10772",1,0.542626177270533
"10773",1,0.491303325906288
"10774",1,0.468000123847886
"10775",1,0.630346745221362
"10776",1,0.659889925798278
"10777",0,0.31286643473085
"10778",0,0.300125870176738
"10779",0,0.599739364138061
"10780",0,0.525465896725911
"10781",0,0.58326443327455
"10782",1,0.300134757146588
"10783",0,0.225387784133158
"10784",0,0.234878775437821
"10785",0,0.241785831518637
"10786",0,0.325490505496123
"10787",1,0.50894164279956
"10788",1,0.761519394735168
"10789",0,0.706887342885846
"10790",1,0.44771668843224
"10791",1,0.449020917836984
"10792",0,0.545691866890272
"10793",0,0.546995528215476
"10794",1,0.653079783221453
"10795",1,0.59314454906345
"10796",1,0.379179889477164
"10797",1,0.319621262296411
"10798",0,0.368033448857572
"10799",1,0.22318718264898
"10800",0,0.646878868507092
"10801",0,0.674542237451359
"10802",1,0.562622054043977
"10803",1,0.4209785088921
"10804",0,0.303126246962427
"10805",0,0.401060558125514
"10806",0,0.659846223122263
"10807",1,0.699268078342734
"10808",0,0.271493592394976
"10809",0,0.59326801112723
"10810",0,0.477601155789998
"10811",0,0.515788490727982
"10812",0,0.502190950086307
"10813",0,0.442874526151454
"10814",0,0.470240010233435
"10815",0,0.338374550881382
"10816",1,0.319982816320531
"10817",0,0.169706621294069
"10818",0,0.103325391456126
"10819",1,0.196649111290108
"10820",1,0.496474906369163
"10821",1,0.643980903329614
"10822",1,0.485843664651165
"10823",1,0.408528768877191
"10824",0,0.554180588333675
"10825",0,0.447055502853479
"10826",1,0.372802064194856
"10827",0,0.28957320603837
"10828",1,0.548088922442515
"10829",1,0.534821808091326
"10830",0,0.382589681608293
"10831",1,0.334177495047132
"10832",0,0.264182094953829
"10833",1,0.555550317446361
"10834",0,0.520377363004616
"10835",0,0.414060956669663
"10836",0,0.297022013322216
"10837",1,0.644829194275615
"10838",1,0.638513290964684
"10839",1,0.477926232416443
"10840",0,0.424175975209334
"10841",0,0.483850446724333
"10842",0,0.337912188861257
"10843",0,0.423819174321145
"10844",1,0.712247647207142
"10845",1,0.77320932259528
"10846",0,0.63518573742342
"10847",1,0.573529155108069
"10848",0,0.696378974824628
"10849",0,0.647112530736519
"10850",0,0.421988784723936
"10851",0,0.522134552916707
"10852",0,0.473722366355546
"10853",1,0.278063426054953
"10854",0,0.223945353315793
"10855",0,0.286877714724574
"10856",0,0.195576877472753
"10857",0,0.228252488402746
"10858",1,0.0878430236349574
"10859",0,0.63518573742342
"10860",0,0.674163310548457
"10861",0,0.289441632901228
"10862",1,0.530817123473074
"10863",1,0.484063539993719
"10864",1,0.882773364985993
"10865",1,0.866260794000421
"10866",0,0.478372249312839
"10867",0,0.7490936347211
"10868",0,0.358709797808898
"10869",1,0.483674983789042
"10870",1,0.702813033771019
"10871",1,0.793340608333072
"10872",1,0.768463786827689
"10873",0,0.0400390644791959
"10874",1,0.68481222455177
"10875",0,0.559234346380709
"10876",0,0.436692723232158
"10877",0,0.612097785399191
"10878",1,0.563685598838031
"10879",0,0.606204766038062
"10880",1,0.557792579476902
"10881",0,0.41762861783807
"10882",0,0.503494381982498
"10883",0,0.116008742321139
"10884",0,0.317081662027211
"10885",0,0.32900845534031
"10886",0,0.636149592114879
"10887",0,0.258950908842374
"10888",1,0.673102969009955
"10889",1,0.837611070777859
"10890",1,0.660252263285851
"10891",1,0.807189034748642
"10892",0,0.277612267562745
"10893",0,0.542653295138587
"10894",0,0.613650411400667
"10895",0,0.53903533612565
"10896",0,0.352061393911385
"10897",1,0.529588205255734
"10898",0,0.335624968606232
"10899",0,0.373902692057283
"10900",0,0.305659083059259
"10901",0,0.261460424532422
"10902",0,0.801162337242683
"10903",1,0.17186713293556
"10904",0,0.318041636370811
"10905",1,0.712247647207142
"10906",1,0.724828853000232
"10907",0,0.657668108743205
"10908",1,0.504617455310427
"10909",1,0.532280824254694
"10910",1,0.536245644573412
"10911",0,0.635126732300559
"10912",0,0.364421889468611
"10913",1,0.372882019474324
"10914",0,0.30177023402447
"10915",0,0.338794896979089
"10916",0,0.243868366919668
"10917",0,0.46192336047281
"10918",0,0.424533338520457
"10919",1,0.757802259556565
"10920",1,0.530752909381225
"10921",0,0.618272627898022
"10922",0,0.591026945785899
"10923",0,0.389446473339381
"10924",1,0.46467633819083
"10925",1,0.362242730379301
"10926",0,0.442891139345127
"10927",0,0.497433104398145
"10928",1,0.757802259556565
"10929",1,0.42082849297007
"10930",0,0.422766481476436
"10931",1,0.521352490648342
"10932",0,0.616068907205859
"10933",1,0.432687349502336
"10934",1,0.426078925117519
"10935",0,0.689264357562294
"10936",0,0.662436362282316
"10937",1,0.272881213154664
"10938",0,0.153369060266332
"10939",0,0.435615975845611
"10940",0,0.393505751479494
"10941",0,0.740649438094893
"10942",0,0.224016597164648
"10943",0,0.225933377989126
"10944",0,0.197374464900531
"10945",1,0.358552918151781
"10946",1,0.770993946530868
"10947",0,0.476473904079016
"10948",1,0.773977970972653
"10949",0,0.157122198143222
"10950",0,0.447119550347315
"10951",0,0.499676735881354
"10952",1,0.385936908118748
"10953",0,0.427071157677277
"10954",0,0.428556973629084
"10955",0,0.686196020468591
"10956",0,0.505043546436659
"10957",1,0.365647819691821
"10958",1,0.543457707576047
"10959",0,0.519501466404491
"10960",1,0.331772922903351
"10961",0,0.142548261428755
"10962",1,0.491429401261171
"10963",1,0.425194755390785
"10964",0,0.473606941951946
"10965",0,0.631777821493255
"10966",1,0.653139228242478
"10967",0,0.602648699776631
"10968",0,0.445202698079997
"10969",0,0.44771668843224
"10970",0,0.378658105969054
"10971",0,0.583816884575822
"10972",0,0.612097785399191
"10973",0,0.58326443327455
"10974",0,0.587737405553719
"10975",0,0.211269491282548
"10976",0,0.222937836863528
"10977",0,0.17300806154115
"10978",0,0.529974548308789
"10979",0,0.481893768447291
"10980",0,0.284109559227343
"10981",0,0.468000123847886
"10982",0,0.777907398632926
"10983",1,0.801766148893901
"10984",0,0.284106617507614
"10985",0,0.353096970853856
"10986",1,0.713102344632255
"10987",0,0.551942300408961
"10988",1,0.271821533035809
"10989",1,0.429343783751705
"10990",0,0.138058170199708
"10991",0,0.529851611666037
"10992",0,0.939903405797771
"10993",1,0.610360431270323
"10994",1,0.491303325906288
"10995",0,0.531849736817675
"10996",0,0.592657004352851
"10997",1,0.729495212071766
"10998",1,0.766593194452155
"10999",1,0.506298009505646
"11000",1,0.596673674518322
"11001",0,0.376954636845315
"11002",0,0.363340552310888
"11003",0,0.75712686404992
"11004",0,0.333933983818797
"11005",0,0.597552979397959
"11006",0,0.598700344175359
"11007",1,0.664937540528406
"11008",0,0.431570037011599
"11009",1,0.62010335338424
"11010",1,0.6685155399454
"11011",0,0.592793723402484
"11012",0,0.475867070941332
"11013",1,0.663619904604433
"11014",1,0.510335547033971
"11015",0,0.412496561226155
"11016",0,0.607619505727236
"11017",1,0.624978556697325
"11018",1,0.694974934539667
"11019",1,0.713505650450347
"11020",1,0.77344088460835
"11021",0,0.300440933033492
"11022",0,0.212963953720847
"11023",0,0.289200293339007
"11024",1,0.789198884216699
"11025",1,0.482788826980771
"11026",0,0.481941239007514
"11027",0,0.5048290916139
"11028",0,0.362184850297758
"11029",0,0.542891377510023
"11030",1,0.625751123987297
"11031",0,0.497667003791343
"11032",0,0.345748885520055
"11033",0,0.245173460519577
"11034",1,0.400634723959948
"11035",0,0.24493392119439
"11036",0,0.0945563670663836
"11037",1,0.702813033771019
"11038",0,0.680189568156251
"11039",1,0.429833743411857
"11040",0,-0.0345629833779685
"11041",0,0.0739194724569769
"11042",0,-0.0390220145412499
"11043",0,0.673102969009955
"11044",0,0.510491403918528
"11045",0,0.699952031494849
"11046",1,0.684855927227785
"11047",1,0.376330180893195
"11048",0,0.563917160851101
"11049",0,0.309624405938484
"11050",0,0.41946932442497
"11051",0,0.376351542691379
"11052",1,0.528462957126559
"11053",1,0.496149489453164
"11054",0,0.203333909176415
"11055",0,0.229449090433954
"11056",0,0.764967249024909
"11057",0,0.304402627865642
"11058",0,0.255990441304482
"11059",1,0.595407714776637
"11060",0,0.219803936879943
"11061",0,0.429349577534169
"11062",0,0.480103250722525
"11063",1,0.455082195421338
"11064",1,0.435295119206393
"11065",0,0.35757006523531
"11066",0,0.597330261577142
"11067",0,0.167603579142366
"11068",0,0.311412889052246
"11069",0,0.332509928155104
"11070",0,0.176521641468929
"11071",0,0.392655154573382
"11072",1,0.463766358354703
"11073",1,0.415354171793542
"11074",0,0.49745756259358
"11075",0,0.264721560003289
"11076",0,0.00905416284743666
"11077",0,-0.0374051135433057
"11078",1,0.618933709908007
"11079",1,0.617866774230649
"11080",1,0.337055217620772
"11081",1,0.494112029530655
"11082",1,0.603644354955256
"11083",1,0.351823053586237
"11084",0,0.0677069080856576
"11085",0,0.143281494786137
